step,feature_build_ms,forward_ms,total_planner_ms,gpu_mem_mb
0,1376.2466189996303,24.532717000056437,1400.801709999996,0.0
1,120.94732800005659,22.773787999994966,143.74211699987427,0.0
2,125.28313399980107,22.415486999761924,147.7206849999675,0.0
3,130.34312699983275,21.082239000406844,151.44687699967108,0.0
4,126.37330799998381,21.18793599993296,147.58274499990875,0.0
5,126.76438200014672,22.499338999750762,149.28420999967784,0.0
6,126.43917600007626,22.738226000001305,149.19843300003777,0.0
7,128.1519140002274,20.757204000346974,148.93069000027026,0.0
8,129.59493500011376,22.872016999826883,152.4888449998798,0.0
9,126.09557299992957,21.12312600002042,147.24047100025928,0.0
10,128.02692300010676,20.48732299999756,148.53576800032897,0.0
11,128.08645899986004,22.834841000076267,150.94367400024566,0.0
12,128.51585799990062,22.331948000100965,150.86965900036375,0.0
13,128.1645720000597,21.0458850001487,149.2319989997668,0.0
14,138.210756999797,20.34069699993779,158.57323600039308,0.0
15,138.25609900004565,21.76071999974738,160.03884100018695,0.0
16,132.60746800006018,21.999817000050825,154.62886700015588,0.0
17,132.45997900003204,21.14170999993803,153.6225189997822,0.0
18,131.4000480001596,21.50793499959036,152.9285430001437,0.0
19,132.44984900029522,21.79744099976233,154.26877199979572,0.0
20,132.04729200015208,22.70768899961695,154.77683300014178,0.0
21,133.4897940000701,22.448459999850456,155.9595150001769,0.0
22,136.28268200000093,22.22624599971823,158.5321229999863,0.0
23,134.49343500042232,23.476789000142162,157.99249799965764,0.0
24,131.94564600007652,22.589304999655724,154.5568239998829,0.0
25,134.97185999995054,21.596606000002794,156.59059800009345,0.0
26,133.2589939997888,21.589839000171196,154.8726699998042,0.0
27,118.67980600027295,27.33386399995652,146.03561299963985,0.0
28,130.81692200012185,28.26427199988757,159.10298800008604,0.0
29,129.23338800010242,28.202441000303224,157.45707999985825,0.0
30,133.23572899980718,29.295006000211288,162.5540009999895,0.0
31,138.45120099995256,28.768998000032298,167.24253300026248,0.0
32,129.43231999997806,27.03725099991061,156.49002000009204,0.0
33,133.63953999987643,27.844678000292333,161.50642299999163,0.0
34,131.61134799975116,27.071517999956995,158.71927600028357,0.0
35,131.08754399991085,26.419804000397562,157.52896999993027,0.0
36,130.4112319999149,27.784791000158293,158.22474900005545,0.0
37,129.52955499986274,27.090231000329368,156.64231900018422,0.0
38,128.41277999996237,25.279221999880974,153.7134140003218,0.0
39,126.87078699991616,26.78614700016624,153.67840599992633,0.0
40,125.80208999997922,26.381515999673866,152.20502700003635,0.0
41,125.76525699978447,27.849534999859316,153.63600199998473,0.0
42,127.60223700024653,25.9798909996789,153.60319899991737,0.0
43,121.21429599983458,30.8320070002992,152.06789700005174,0.0
44,126.85471899976619,37.949072000174056,164.82577400029186,0.0
45,126.72740000016347,34.659834999729355,161.40955899982146,0.0
46,126.58088400030465,33.83999400011817,160.4463379999288,0.0
47,126.56383100011226,32.38743599968075,158.9756349999334,0.0
48,130.23177700006272,34.67759599971032,164.9696810000023,0.0
49,130.10905999999522,25.626423000176146,155.75662500032195,0.0
50,126.70304599987503,25.151535000077274,151.8760540002404,0.0
51,125.15733600002932,26.650424000308703,151.82878100040398,0.0
52,125.14711599988004,26.439148999997997,151.60889900016628,0.0
53,125.58597700035534,26.453998000306456,152.06082399981824,0.0
54,122.02035200016326,26.301037999928667,148.34269199991468,0.0
55,137.6151959998424,25.432170999920345,163.07005099997696,0.0
56,125.30823500037513,25.669854000170744,151.00041300001976,0.0
57,130.01734400040732,26.010571000369964,156.04905600002894,0.0
58,125.38957800006756,26.1471639996671,151.5573429996948,0.0
59,125.51170500000808,20.918600000186416,146.4520879999327,0.0
60,125.65572599987718,21.097430999816424,146.77476899987596,0.0
61,126.17942999986553,20.394888000282663,146.5963999999076,0.0
62,124.68578200014235,20.135771999775898,144.84199300022738,0.0
63,124.36877300024207,20.363908000035735,144.75343099957172,0.0
64,123.28535999995438,21.572826000010537,144.87983700018958,0.0
65,124.51933000011195,20.559546000185946,145.0998770001206,0.0
66,123.40464299995801,21.011430000271503,144.43768500041188,0.0
67,124.02196900029594,20.268207999833976,144.31175800018536,0.0
68,134.16452899991782,31.27903399990828,165.4670289999558,0.0
69,126.23280700017858,30.34900700004073,156.60514000001058,0.0
70,130.2893260003657,26.419840000016848,156.73218099982478,0.0
71,124.45966699988276,26.907741999821155,151.39002400019308,0.0
72,124.70731099983823,25.703270000121847,150.43251299994154,0.0
73,123.34687400016264,26.053073000184668,149.42059699978927,0.0
74,124.80507200007196,26.248805000250286,151.07445700004973,0.0
75,117.18403699978808,25.828513999840652,143.03407299985338,0.0
76,114.90112399997088,25.696824000078777,140.62171400018997,0.0
77,114.98800300023504,26.413294000121823,141.42230799961908,0.0
78,116.77321999968626,26.06952199994339,142.86490499989668,0.0
79,117.35820199965019,25.78408399995169,143.16340699997454,0.0
80,122.96776699986367,25.729828999828896,148.7193979996846,0.0
81,118.70152500023323,26.692437999827234,145.41518499981976,0.0
82,120.31796900009795,26.752972999929625,147.09256400010418,0.0
83,119.65422100001888,27.51515099998869,147.19021199971394,0.0
84,120.38857400011693,27.01978400000371,147.42974000000686,0.0
85,124.08601400011321,27.249252000274282,151.35609700018904,0.0
86,120.32582199981334,27.13642099979552,147.48415699978068,0.0
87,123.58903499989538,26.183901999957016,149.79475900008765,0.0
88,135.0962480000817,27.883897999799956,163.00142700038123,0.0
89,125.3563390000636,27.028015999803756,152.40628799983824,0.0
90,125.96689100018921,27.8489699999227,153.83726200025194,0.0
91,129.08690400035994,27.511179999692104,156.622440999854,0.0
92,124.70468599985907,26.869517000250198,151.59754900014377,0.0
93,126.06167300009474,27.48794099989027,153.57069599986062,0.0
94,126.25827300007586,27.76269800006048,154.04289400021298,0.0
95,126.11010399996303,28.156577000117977,154.28862399994614,0.0
96,127.14851200007615,27.030457999899227,154.20055100003083,0.0
97,126.61301600019215,27.31830999982776,153.95249700031854,0.0
98,128.8790210001025,27.952226999786944,156.8529609999132,0.0
99,131.77678800002468,28.00945600029081,159.80788700017,0.0
100,127.96345499964445,26.791066999976465,154.77596400023685,0.0
101,126.16702900004384,27.781380000305944,153.9702209997813,0.0
102,121.68171099983738,28.547345999868412,150.25037900022653,0.0
103,105.14664999982415,27.192770000056044,132.3612129999674,0.0
104,129.5732799999314,26.941330000227026,156.53596099991773,0.0
105,124.27446099991357,26.652673999706167,150.9508009999081,0.0
106,130.05079499998828,27.85605199960628,157.92838900006245,0.0
107,131.41444700022475,27.285016999940126,158.72116600030495,0.0
108,140.1084690000971,26.917470999705984,167.05049800020788,0.0
109,131.18101999998544,26.770242999646143,157.9726049999408,0.0
110,132.5617150000653,26.434203000007983,159.0166699998008,0.0
111,130.2294960000836,26.25886999976501,156.50891699988279,0.0
112,129.33680300011474,27.220347999900696,156.57818299996507,0.0
113,129.34682300010536,25.508525999612175,154.87641999970947,0.0
114,129.69810899994627,25.502082999992126,155.22146399962367,0.0
115,130.5369960000462,25.63068499966903,156.18889300003502,0.0
116,123.21134000012535,26.485359000162134,149.7191940002267,0.0
117,123.40763299971513,26.047815000310948,149.4757179998487,0.0
118,122.83868200029247,26.117520999832777,148.97755499987397,0.0
119,123.7850789998447,25.597195000045758,149.40291499988234,0.0
120,124.90626799990423,24.826200999996217,149.75357000002987,0.0
121,124.33481300013227,24.569038999743498,148.92503300006865,0.0
122,113.27954399985174,26.66908599985618,139.96992200009117,0.0
123,124.5480430002317,24.527555000076973,149.09686900000452,0.0
124,123.62643400001616,24.90891900015413,148.55841799999325,0.0
125,125.78578800003015,24.772683999799483,150.5802249998851,0.0
126,124.98470599985012,26.71452300000965,151.71910699973523,0.0
127,124.30294400019193,26.679304000026605,151.00313999982973,0.0
128,128.17553100012447,24.557078999805526,152.75676700002805,0.0
129,130.3894479997325,24.71408600013092,155.12462400010918,0.0
130,128.29251399989516,25.15189999985523,153.4660669999539,0.0
131,127.67599099970539,26.057256999592937,153.7535590000516,0.0
132,127.79553400014265,25.183792000007088,153.0006890002369,0.0
133,133.4731249999095,25.070831999983056,158.56597099991632,0.0
134,130.15407100010634,25.968359999751556,156.14386400011426,0.0
135,129.8101500001394,25.560523999956786,155.39196500003527,0.0
136,128.76823700025852,26.018678000127693,154.80830699971193,0.0
137,133.5606799998459,25.23775499957992,158.8197249998302,0.0
138,129.91948300032163,24.64249300010124,154.5835279998755,0.0
139,128.61496200002875,25.484762999894883,154.1208169996935,0.0
140,132.7959599998394,19.974178999746073,152.79052899995804,0.0
141,129.70448699979897,20.300425999721483,150.026114999946,0.0
142,129.32712099973287,19.52298800006247,148.87153100016803,0.0
143,129.48648200017487,19.602924000082567,149.1108489999533,0.0
144,130.76148999971338,20.964260999789985,151.74685199963278,0.0
145,130.8201150000059,27.401170000302955,158.2434380002269,0.0
146,132.72023499985153,26.381028999821865,159.12333799997214,0.0
147,133.40525200010234,26.809244000105537,160.23621799968168,0.0
148,131.2213299997893,28.723138999794173,159.96793500016793,0.0
0,575.7948139998916,14.29298099992593,590.1074729999891,0.0
1,78.8562269999602,13.267822000216256,92.14565999991464,0.0
2,78.42354200010959,16.89869500023633,95.3444199999467,0.0
3,82.92018399970402,14.524443000027532,97.46559799987153,0.0
4,81.39187300002959,13.82346599984885,95.24164999993445,0.0
5,81.48969300009412,13.29059599993343,94.80266299988216,0.0
6,78.38586799971381,13.99013099990043,92.39736100016671,0.0
7,81.63022799999453,13.205701000060799,94.85643800007892,0.0
8,83.01328100014871,12.897978999717452,95.93193899991093,0.0
9,81.13828800014744,13.2828700002392,94.4426089999979,0.0
10,71.57347100019251,13.65041700000802,85.24488799957908,0.0
11,72.32257099985873,13.646438000250782,85.99315700030274,0.0
12,71.1481600001207,23.65405999989889,94.82403199990586,0.0
13,83.32245800011151,14.541564999944967,97.8853439996783,0.0
14,80.10578399989754,13.343246999738767,93.47269699992466,0.0
15,54.91848400015442,40.4768140001579,95.41489499997624,0.0
16,63.3238089999395,13.609877999897435,76.95853499990335,0.0
17,76.52499899995746,13.627861999793822,90.17409299985957,0.0
18,79.23913400009042,13.339348000044993,92.60002400014855,0.0
19,78.83431299978838,13.442759000099613,92.29765199961548,0.0
20,77.28707600017515,17.35830600000554,94.66771600000357,0.0
21,54.51781600004324,13.443481000194879,67.98207700012426,0.0
22,78.74889599997914,13.690623000002233,92.46199299968794,0.0
23,61.83357400004752,32.02396200003932,93.87726400018437,0.0
24,74.19027500009179,13.569918000030157,87.78193600028317,0.0
25,72.62811800001145,22.12651799982268,94.77514500031248,0.0
26,73.4873740002513,13.755438999851322,87.2646259999783,0.0
27,73.48930900025152,21.1345299999266,94.64749500011749,0.0
28,73.0484990003788,13.26061400004619,86.33060400006798,0.0
29,54.90456200004701,39.877094000075886,94.80272699966008,0.0
30,50.79053899999053,14.05621499998233,64.86784399976386,0.0
31,73.8856120001401,13.86693499989633,87.77140399979544,0.0
32,70.71288399993136,13.701794000098744,84.43590900014897,0.0
33,72.84863899985794,13.53062999987742,86.40084099988599,0.0
34,72.57843199977287,13.863027000297734,86.46546599993599,0.0
35,75.30383699986487,13.592560000233789,88.91678700001648,0.0
36,63.839579000159574,31.626832999791077,95.49103999961517,0.0
37,67.46306500008359,13.531261000025552,81.01559699980498,0.0
38,72.06678500006092,13.877194000087911,85.96549100002449,0.0
39,54.02609199973085,13.75342199980878,67.801486999997,0.0
40,71.90762599975642,14.04078199993819,85.97094200013089,0.0
41,70.59007499992731,13.5426209999423,84.16124199993646,0.0
42,47.833285000251635,47.21899800006213,95.07375399971352,0.0
43,65.59225799992419,13.248446999568841,78.86053399988668,0.0
44,66.14233100026468,13.250511000023835,79.41387399978339,0.0
45,67.2585579995939,13.662994999776856,80.9433659997012,0.0
46,65.02060400043774,13.345577000109188,78.38665000008405,0.0
47,68.93349499978285,13.299806999839348,82.25408199996309,0.0
48,65.72707899977104,13.346918000024743,79.09659100005229,0.0
49,65.33592000005228,28.989010999794118,94.3459229997643,0.0
50,64.92325499993967,30.554392999874835,95.49732699997548,0.0
51,65.48723600008088,28.213508000135334,93.72317799989105,0.0
52,65.45966099974976,28.23966999994809,93.72196599997551,0.0
53,45.184944000084215,50.5346360000658,95.73827799977153,0.0
54,55.15866499990807,38.04008099996281,93.2199670000955,0.0
55,67.71088100003908,27.189250999981596,94.92474000035145,0.0
56,64.21152700022503,30.72567800018078,94.96211400028187,0.0
57,69.01711899990914,24.94291799985149,93.98411400024997,0.0
58,45.6991820001349,17.55946999992375,63.28032400006123,0.0
59,48.160119999920425,17.008817000260024,65.18987700019352,0.0
60,68.75814600016383,19.2088160001731,87.9894360000435,0.0
61,65.25602600004277,14.415920999908849,79.69614399962666,0.0
62,70.15922700020383,24.272520000067743,94.45538399995712,0.0
63,60.62850299986167,34.15765599993392,94.81060699999944,0.0
64,64.57851499999379,30.15520100007052,94.75716199995077,0.0
65,64.08969199992498,31.29640599991035,95.4098949996478,0.0
66,62.96421799970631,15.154871000049752,78.14260400027706,0.0
67,62.56305599981715,31.15277500000957,93.73795400006202,0.0
68,62.08111799969629,15.32208599974183,77.4283219998324,0.0
69,63.324522000129946,31.87191500001063,95.22097399985796,0.0
70,42.88829500001157,13.71087399957105,56.62223399986033,0.0
71,61.38352800007851,13.653612999860343,75.0615580000158,0.0
72,63.355401999615424,13.729510999837657,77.10898000004818,0.0
73,61.78304700006265,34.80360200001087,96.61196700017172,0.0
74,62.71794900021632,32.16424500033099,94.90556999980981,0.0
75,63.056188999780716,14.02604800023255,77.10545200006891,0.0
76,62.28164899994226,13.806810999994923,76.11404999988736,0.0
77,44.912260999808495,13.963445999706892,58.900546000131726,0.0
78,43.65863700013506,39.69547699989562,83.37566600039281,0.0
79,66.96515099974931,13.843832000020484,80.83331099987845,0.0
80,62.336436999885336,14.318717000151082,76.68087399997603,0.0
81,57.92913499999486,36.82414600007178,94.77774900005898,0.0
82,57.90439700012939,36.14966000031927,94.07816499970068,0.0
83,41.817932999947516,14.697275999878912,56.536821000008786,0.0
84,61.71557700008634,29.649106999841024,91.3864559997819,0.0
85,58.72047799994107,35.206552000090596,93.9499450000767,0.0
86,56.70683200014537,35.2906860002804,92.01985200024865,0.0
87,57.29173300005641,36.91954199985048,94.23513100000491,0.0
88,56.82203499964089,37.2683179998603,94.11182499979986,0.0
89,56.58439599983467,37.432457999784674,94.04040899971733,0.0
90,57.4662249996436,35.53769400014062,93.0271540000831,0.0
91,57.03102699999363,37.06358799990994,94.11769000007553,0.0
92,39.11989700009144,55.316072999630705,94.45829399965078,0.0
93,54.65360199968927,37.38646800002243,92.06259300026431,0.0
94,38.00728800024444,56.67369000002509,94.70228000009229,0.0
95,54.704521000076056,38.597688999743696,93.32348099997034,0.0
96,56.86089499977243,41.295288000128494,98.18084099970292,0.0
97,60.980827000093996,33.98054600029354,94.98805400016863,0.0
98,55.664174999947136,39.45604699993055,95.14676399976452,0.0
99,58.42343399990568,36.20613199973377,94.65565700020306,0.0
100,58.45928299959269,36.855217999800516,95.34049100011543,0.0
101,57.35960000038176,37.36951900009444,94.75406799992925,0.0
102,56.79168300002857,37.83649000024525,94.65356300006533,0.0
103,56.48209899982248,37.336415000027046,93.84146899992629,0.0
104,56.19812599979923,38.01028899988523,94.23358399999415,0.0
105,55.93913099983183,38.71039399973597,94.67336099987733,0.0
106,50.82465300029071,43.1561350001175,94.00348300005135,0.0
107,54.90790400017431,13.507140000001527,68.43666500026302,0.0
108,56.28491800007396,13.617323999824293,69.92591900007028,0.0
109,56.14510500026881,13.774802000170894,69.94030699979703,0.0
110,56.205673000022216,13.738439999997354,69.96583699992698,0.0
111,56.61151499998596,13.671709999925952,70.30214199994589,0.0
112,56.758822000119835,32.54347800020696,89.32219899998017,0.0
113,56.32510599980378,13.861741000255279,70.21201699990343,0.0
114,56.79521499996554,13.725234000048658,70.54324299997461,0.0
115,56.72272400033762,13.51959200019337,70.26093300009961,0.0
116,56.606978999752755,13.574119000168139,70.20383100007166,0.0
117,56.78478500021811,13.577736000115692,70.39239899995664,0.0
118,56.58896399972946,13.35904000006849,69.9693040000966,0.0
119,56.122793999747955,13.322909000180516,69.46398899981432,0.0
120,55.97134900017409,37.171454999679554,93.16080899998269,0.0
121,55.908207000356924,37.40749500002494,93.33483799991882,0.0
122,55.586478999885,39.65870299998642,95.26455000013812,0.0
123,55.48039299992524,35.85235299988199,91.354008000053,0.0
124,55.572421999841026,35.08619700005511,90.68061200014199,0.0
125,55.842170999767404,37.37067899965041,93.23561400015024,0.0
126,56.4476099998501,36.74066099983975,93.20901199998843,0.0
127,56.13350800012995,37.13264399993932,93.28610099964862,0.0
128,56.092247999913525,12.831188999825827,68.94477900004858,0.0
129,56.88703699979669,12.62754200024574,69.5329249997485,0.0
130,57.01709100003427,12.562614999751531,69.59962500013717,0.0
131,56.978756000262365,12.72400000016205,69.72219299996141,0.0
132,57.090634000360296,12.725713000236283,69.83706800019718,0.0
133,57.49837900020793,12.802573000044504,70.32234300004347,0.0
134,58.969705999970756,12.92416999967827,71.91411699977834,0.0
135,61.95260899994537,13.035676000072272,75.01346300023215,0.0
136,57.63775400009763,34.7521699995923,92.41242799998872,0.0
137,56.9818750000195,13.535770000089542,70.53906800001641,0.0
138,56.935474000056274,13.371500999710406,70.32838699979038,0.0
139,56.89354199967056,13.468950000060431,70.38346400031514,0.0
140,56.64985700013858,13.438170000426908,70.10709500036683,0.0
141,56.50203000004694,13.59002600020176,70.1147409999976,0.0
142,56.92278900005476,13.514388999738003,70.45620700000654,0.0
143,56.800921999638376,13.457617999847571,70.27779800000644,0.0
144,57.40517999993244,13.40549699989424,70.82921300025191,0.0
145,56.79560299995501,13.372871999763447,70.18719200004853,0.0
146,56.733450000137964,13.498678999894764,70.25322100025733,0.0
147,56.891380999786634,13.382950000050187,70.2942709999661,0.0
148,57.51042800011419,14.682473999982903,72.2154860000046,0.0
0,299.25145700008215,24.364957000216236,323.63707500007877,0.0
1,152.49441800006025,23.994265000055748,176.51024499991763,0.0
2,150.66870999999082,25.265442000090843,175.9554840000419,0.0
3,151.2611950001883,25.37530599965976,176.65779299977658,0.0
4,162.1010710000519,25.844016000064585,187.96625799996036,0.0
5,151.4139129999421,25.85014799979035,177.28495199980898,0.0
6,152.57503599968913,24.930275999849982,177.5276749999648,0.0
7,153.18136699988827,25.54930099995545,178.7531529998887,0.0
8,155.29216899994935,24.847815000157425,180.16587599959166,0.0
9,152.4232319998191,24.72319900016373,177.1677520000594,0.0
10,152.75741300001755,25.647841000136395,178.4267150001142,0.0
11,156.83474699972066,25.66051400026481,182.51607199999853,0.0
12,166.5696640002352,24.852129999999306,191.4511909999419,0.0
13,155.81297500011715,25.337937000131205,181.17189399981726,0.0
14,157.3874440000509,26.05951899977299,183.46737299998495,0.0
15,156.86876399968241,26.601335000123072,183.49134000027334,0.0
16,158.88311799972143,26.13690999987739,185.0411090003945,0.0
17,161.11586799979705,26.001466999787226,187.13869599969257,0.0
18,161.49764700003288,26.425990000007005,187.94521900008476,0.0
19,162.31745899995076,26.496457000121154,188.83607999987362,0.0
20,169.56086900017908,27.4229829997239,197.00536399977864,0.0
21,173.9996669998618,26.887138999882154,200.90755599994736,0.0
22,172.8015929998037,27.756221999879926,200.57845499968607,0.0
23,172.97544299981382,27.141089999986434,200.15332499997385,0.0
24,173.26317999959429,28.03625500018825,201.32043600006,0.0
25,173.23952400010967,26.79431399974419,200.05439900023703,0.0
26,172.29959299993425,27.350506999937352,199.6707719999904,0.0
27,173.8616809998348,27.687770999818895,201.57018299960328,0.0
28,174.1705770000408,28.055978999873332,202.24663399994824,0.0
29,175.20702599995275,28.027533999647858,203.25583199974062,0.0
30,176.70570500013127,28.29527500034601,205.02110899997206,0.0
31,180.08309400011058,27.45664099984424,207.56199799961905,0.0
32,177.1544680000261,29.043618999821774,206.22024900012548,0.0
33,176.90413999980592,28.931930999988253,205.8576939998602,0.0
34,178.0524770001648,29.228759000034188,207.3019760000534,0.0
35,178.64298699987557,30.346657000336563,209.01020400015113,0.0
36,178.85887100010223,28.304044999913458,207.18311600012385,0.0
37,174.42602199980684,28.86323299981086,203.3099760001278,0.0
38,174.25555999989228,30.422290999922552,204.69830100000763,0.0
39,174.2485959998703,28.740213999753905,203.00958100006028,0.0
40,176.83060099989234,29.265753999879962,206.11805699991237,0.0
41,181.73290999993696,30.102844999873923,211.8565459995807,0.0
42,170.91208800002278,30.59218700036581,201.52536599971427,0.0
43,179.0243659997941,30.28998900026636,209.33479499990426,0.0
44,181.23732499998368,30.48670999987735,211.74476599981062,0.0
45,183.12379700000747,31.342104000032123,214.48764400020082,0.0
46,182.9023660002349,31.67754700007208,214.60174599997117,0.0
47,182.43078700015758,30.894081000042206,213.3457909999379,0.0
48,187.34751300007702,32.26749599980394,219.6355589999257,0.0
49,184.63935699992362,32.72643699983746,217.38814700029252,0.0
50,186.77708999985043,32.87589699993987,219.67426799983514,0.0
51,187.26221299993995,31.72433400004593,219.00830100003077,0.0
52,185.2741520001473,31.686210999851028,216.98245700008556,0.0
53,187.18289800017374,25.087448000249424,212.2913379998863,0.0
54,185.5586450001283,32.36450699978377,217.9449340001156,0.0
55,183.42627200036077,33.236566000141465,216.68360800003938,0.0
56,178.77231000011307,32.305613000062294,211.09943500005102,0.0
57,179.186030999972,31.545229000130348,210.75275100020008,0.0
58,183.15659499967296,32.833917000061774,216.0108019998006,0.0
59,175.29971700014357,32.39922100010517,207.7193680001983,0.0
60,178.22950200024934,32.31036799979847,210.55985799966948,0.0
61,177.69428299970969,31.620630999896093,209.33621600033803,0.0
62,178.54413199984265,34.845720999783225,213.41200599999866,0.0
63,175.19923100007873,33.0800429996998,208.29947299989726,0.0
64,172.76972099989507,33.07041400012167,205.86132599964913,0.0
65,173.83811099989543,24.348740999812435,198.21637999984887,0.0
66,174.05095399999482,25.857958999949915,199.93050499988385,0.0
67,166.53951199987205,26.56102799983273,193.12141000000338,0.0
68,171.38368199994147,25.38740299996789,196.79278700004943,0.0
69,168.78004299996974,25.4124220000449,194.2130049997104,0.0
70,168.52657799972803,25.667945999884978,194.2152339997847,0.0
71,161.9016930003454,25.200046000009024,187.12223900001845,0.0
72,161.35340600021664,25.467746000231273,186.84234400006972,0.0
73,161.75683100027527,24.080266000055417,185.858036999889,0.0
74,141.23753800004124,23.26862500012794,164.5271639999919,0.0
75,156.81789400014168,23.34436099999948,180.18262399982632,0.0
76,157.41187499997977,24.2652619999717,181.697616999827,0.0
77,144.52632199981963,23.453040999811492,167.99952400015172,0.0
78,144.81995500000266,24.402529999861144,169.2433550001624,0.0
79,112.85511100004442,23.249482000210264,136.1255639999399,0.0
80,144.00041099997907,24.90094799986764,168.92201999962708,0.0
81,145.02018700022745,23.507194000103482,168.54796099960367,0.0
82,144.2009419997703,31.66580500010241,175.89957100017273,0.0
83,144.06672099994466,32.53823899967756,176.62787400013258,0.0
84,144.08066099986172,33.20179000002099,177.30391200029771,0.0
85,144.42223500009277,32.8879489998144,177.33201600003667,0.0
86,144.0080800002761,31.628438000097958,175.65727800001696,0.0
87,147.18696600039038,24.132548000125098,171.3411260002431,0.0
88,149.40173699960724,23.547886999949696,172.97000500002468,0.0
89,150.77354899995044,24.65528299990183,175.44921099988642,0.0
90,149.23957399969368,23.073013000157516,172.34914799973922,0.0
91,148.42199200029427,24.952560999736306,173.3959660000437,0.0
92,148.59164300014527,24.18118100013089,172.79495599996153,0.0
93,148.4884520000378,23.954034999860596,172.46251699998538,0.0
94,149.13166499991348,23.699249999936,172.85090499990474,0.0
95,149.90966000004846,23.42777100011517,173.35859199965853,0.0
96,148.3685409998543,23.55179300002419,171.94198600009258,0.0
97,151.5504530002545,24.12122099985936,175.6944490002752,0.0
98,150.11516000004121,25.600917000247136,175.73706799976208,0.0
99,148.8550710000709,25.609583000004932,174.48509399991963,0.0
100,149.3550929999401,24.95066300025428,174.32682599974214,0.0
101,149.42034900013823,24.47972599975401,173.92072600023312,0.0
102,150.26194699976259,25.374497000029805,175.65820599975268,0.0
103,133.7409820002904,24.500613000327576,158.2625360001657,0.0
104,150.11513499985085,31.05980600003022,181.1967230000846,0.0
105,153.7092680000569,30.70169900001929,184.43205899984605,0.0
106,148.04807200016512,30.513514000176656,178.58344800015402,0.0
107,148.4798630003752,30.971403999956237,179.47256800016476,0.0
108,148.9200279997931,30.39073099989764,179.33440399974643,0.0
109,148.1722860003174,30.03631100000348,178.23060999990048,0.0
110,150.57183499993698,30.437412000082986,181.03039800007537,0.0
111,149.4635379999636,30.854092000026867,180.34726799987766,0.0
112,149.985173999994,30.88891000015792,180.8956559998478,0.0
113,148.4809330004282,30.984703000285663,179.48688699971171,0.0
114,151.75874599981398,31.8292060001113,183.61000599998079,0.0
115,150.62348800029213,30.977648999851226,181.62401099971248,0.0
116,148.70886300013808,30.683757000133483,179.41437300032703,0.0
117,149.90882699976282,31.18625399974917,181.11672500026543,0.0
118,149.6391450000374,31.891782999991847,181.5516890001163,0.0
119,149.1414970000733,31.92534899972088,181.0886989997016,0.0
120,147.94370699974024,31.73441700027979,179.69916499987448,0.0
121,148.9490230001138,31.389346000196383,180.35895899993193,0.0
122,148.09339800012822,31.52186300030735,179.63601200017365,0.0
123,148.14530200010267,30.157937000240054,178.32443099996453,0.0
124,147.56724799963195,30.357466000168642,177.94624399994063,0.0
125,147.99260400013736,30.10408299996925,178.11809899967557,0.0
126,147.60486900013348,30.149120000260154,177.7755619996242,0.0
127,146.3833549996707,30.759595000290574,177.16371999995317,0.0
128,147.77835099994263,29.75907800009736,177.559642000233,0.0
129,146.53756699999576,29.706304999763233,176.26495300009992,0.0
130,147.07559399994352,30.183532999672025,177.28052900019975,0.0
131,149.1790149998451,30.019694000202435,179.21940999985964,0.0
132,147.04530400013027,30.841650000184018,177.9078039999149,0.0
133,146.69545700007802,30.3274389998478,177.0444580001822,0.0
134,147.19512900001064,30.746123999961128,177.97002899988001,0.0
135,148.40673599974252,31.089472000076057,179.51771900015956,0.0
136,147.43751000014527,31.287346000226535,178.74590800010992,0.0
137,147.54152999967118,30.10047499992652,177.66265599993858,0.0
138,147.36140500008332,30.00008999970305,177.38233399995806,0.0
139,147.08422600006088,30.250085999796283,177.3551020000923,0.0
140,146.9629199996234,30.283941000107006,177.2687530001349,0.0
141,147.0284979995995,29.42657399989912,176.47613300005105,0.0
142,146.81418700001814,30.174855000041134,177.01102499995613,0.0
143,147.00007500005086,30.27158499980942,177.29254000005312,0.0
144,146.81768999980704,29.85647700006666,176.69642000009844,0.0
145,147.8979110002001,28.865719999885187,176.78498200029935,0.0
146,147.63340699983019,24.94193800021094,172.59638700033975,0.0
147,148.4893470001225,24.614810000002763,173.12498799992682,0.0
148,150.5013770001824,23.42743100007283,173.95151200025794,0.0
0,93.4167990003516,27.09562400013965,120.53509799989115,0.0
1,124.34048800014352,26.765433000036865,151.12692100001368,0.0
2,124.75515400001314,25.221828000212554,149.9980130001859,0.0
3,125.13204200013206,25.599443000373867,150.75200399996902,0.0
4,105.8949200000825,26.851266999983636,132.77021300018532,0.0
5,129.57138399997348,25.997546999860788,155.59018200019636,0.0
6,129.62041899982069,27.065313000093738,156.70627200006493,0.0
7,131.14164700027686,26.22395600019445,157.38866899982895,0.0
8,129.73213300028874,25.6072749998566,155.36045800035936,0.0
9,129.82983099982448,26.26580500009368,156.11653700034367,0.0
10,127.87391799975012,26.540369000031205,154.4357390002915,0.0
11,129.8744880000413,26.849220000258356,156.74475900004836,0.0
12,134.52942800040546,25.630650000039168,160.18131000009816,0.0
13,125.17340800013699,26.628148999861878,151.82331999994858,0.0
14,132.16646399996534,26.21176699994976,158.39937100008683,0.0
15,129.66279200009012,26.539785000295524,156.22336700016604,0.0
16,128.8324269999066,25.483501000053366,154.33689900009995,0.0
17,127.96910899987779,25.80203099978462,153.79294200010918,0.0
18,128.8703620002707,25.39826499969422,154.28948699991452,0.0
19,128.4159679998993,25.873648000015237,154.31038599990643,0.0
20,128.50324300006832,25.52385700028026,154.046716999801,0.0
21,128.5700129997167,24.93572299999869,153.52749800013044,0.0
22,127.6126809998459,25.4449740000382,153.07903700022507,0.0
23,128.85625899980369,25.318848000097205,154.19616700000915,0.0
24,128.81084099990403,25.882584000100906,154.714225999669,0.0
25,128.19032000015795,26.62556500035862,154.83736799978942,0.0
26,130.44890999981362,27.86426299962841,158.33490499971958,0.0
27,130.41990300007456,26.01378700001078,156.456844999866,0.0
28,129.98537900011797,25.903692000156298,155.91012200002297,0.0
29,128.31826799992996,26.072811000176443,154.41177899992908,0.0
30,128.5431660003269,25.195385000188253,153.75911999990421,0.0
31,131.58414200006519,28.718741000375303,160.3252770000836,0.0
32,132.23581800002648,36.825208000209386,169.08362000003763,0.0
33,130.26938599978166,26.25274799993349,156.5444570001091,0.0
34,119.59412699980021,26.797135999913735,146.4125139996213,0.0
35,119.27931499985789,25.3058780003812,144.60659399992437,0.0
36,119.60820000012973,25.217602999873634,144.84669300009045,0.0
37,119.8256030002085,25.08280099982585,144.92807200031166,0.0
38,121.94361899992145,25.031982000200514,146.9982449998497,0.0
39,125.01789399993868,26.774790000217763,151.81401500012726,0.0
40,122.62397199992847,25.777922000088438,148.42285400027322,0.0
41,122.05767000023116,24.989410000216594,147.06830200020704,0.0
42,122.78300500020123,25.428569999803585,148.23172300020815,0.0
43,123.21303299995634,25.50057000007655,148.73456299983445,0.0
44,124.14431300021533,24.92291699991256,149.08856099964396,0.0
45,123.53606099986791,20.470854999985022,144.0283769998132,0.0
46,92.63697799997317,37.161278999974456,129.8225839996121,0.0
47,145.30463099981716,31.858222000209935,177.1921200001998,0.0
48,132.62019000012515,27.299443000174506,159.94185599993216,0.0
49,138.6616810000305,41.59712799992121,180.28737499980707,0.0
50,133.9778040000965,27.5450969998019,161.54458300025,0.0
51,136.09224199990422,43.97140800028865,180.1079460001347,0.0
52,169.63553499999762,43.06848300029742,212.76569800011202,0.0
53,141.4306269998633,37.33844799990038,178.79284100035875,0.0
54,134.84149200030515,33.4642289999465,168.3320420002019,0.0
55,133.45687099990755,32.96288199999253,166.44384999972317,0.0
56,132.51700899991192,33.06504000011046,165.6059459996868,0.0
57,133.41576699986035,27.63788399988698,161.07513199995083,0.0
58,135.60597100013183,29.52049299983628,165.14784599985433,0.0
59,132.49206099999356,27.085862000149064,159.5986229999653,0.0
60,131.8118469998808,28.4188680002444,160.2542519999588,0.0
61,134.23087399996803,27.78161000014734,162.03357600033996,0.0
62,116.21121200005291,38.121500999750424,154.36139900020862,0.0
63,134.70520700002453,31.893769999896904,166.62240200002998,0.0
64,138.67720400003236,31.72226700007741,170.42321700000684,0.0
65,135.61451299983673,29.930805999811128,165.57037800021135,0.0
66,129.63527100009742,27.603730999999243,157.26067400009924,0.0
67,131.50447299994994,27.67891800021971,159.20453099988663,0.0
68,133.3517309999479,27.381971000068006,160.75559499995506,0.0
69,135.91332800024247,32.0604009998533,167.99559099990802,0.0
70,135.51926299987826,28.34694600005605,163.88785999970423,0.0
71,129.4327579998935,29.288392000125896,158.74460500026544,0.0
72,133.5311749999164,29.051592000087112,162.60692400010157,0.0
73,132.47670700002345,28.895167999962723,161.39408700018976,0.0
74,131.10532200016678,28.461695999794756,159.590603000197,0.0
75,130.13098899955367,28.90377499988972,159.0588200001548,0.0
76,131.75088500020138,29.27561299975423,161.05083499996908,0.0
77,138.20816599991304,30.464582999684353,168.70197599973835,0.0
78,129.79329900008452,26.00973900007375,155.82378799990693,0.0
79,129.31799499983754,26.874609000060445,156.21440700033418,0.0
80,128.2437090003441,24.98715199999424,153.2516810002562,0.0
81,128.73483300018052,25.783397999930457,154.53951300014523,0.0
82,129.41284700036704,24.91013999997449,154.3441169997095,0.0
83,129.32951299990236,25.685956999950577,155.03684200029966,0.0
84,128.44760000007227,25.89890099989134,154.36732099988149,0.0
85,131.12668500025393,25.26682300003813,156.41572999993514,0.0
86,136.1426980001852,26.165989999753947,162.33590999991065,0.0
87,128.87481400002798,25.482879000264802,154.37907600016842,0.0
88,129.30218600013177,26.336647999869456,155.65940400028921,0.0
89,131.90300800033583,24.881119999918155,156.80509899993922,0.0
90,132.68421500015393,24.780475000170554,157.48679300031654,0.0
91,132.59346899985758,25.595198000246455,158.2095379999373,0.0
92,134.6842610000749,25.41643099993962,160.1225140002498,0.0
93,136.25784199984992,25.295663999713724,161.5733540002111,0.0
94,145.34109500027625,27.464095000141242,172.82521900006032,0.0
95,129.86644700004035,24.702961999992112,154.59181300002456,0.0
96,132.80900400013707,27.487419999943086,160.31717400028356,0.0
97,140.9228920001624,27.345254000010755,168.29097099980572,0.0
98,130.95572699967306,29.783726999994542,160.7614370000192,0.0
99,134.7688939999898,26.03518699970664,160.82413000003726,0.0
100,128.84423700006664,24.905992999720183,153.7711109999691,0.0
101,130.14412199981962,25.127113000053214,155.29148399991755,0.0
102,130.9313810002095,25.676470000234985,156.62916299970675,0.0
103,132.13216300027852,26.384566000160703,158.53762899996582,0.0
104,131.2057499999355,29.620096000144258,160.84705699995538,0.0
105,136.12241800001357,21.806750999985525,157.95052099974782,0.0
106,134.3938810000509,21.62668199980544,156.0414129999117,0.0
107,132.26686999996673,20.53761699971801,152.82544699994105,0.0
108,131.07668999964517,19.84113399976195,150.9397859999808,0.0
109,133.3695580001404,20.257119999769202,153.64815000020826,0.0
110,132.19526600005338,20.14371899986145,152.3598660000971,0.0
111,132.16130000000703,21.79403399986768,153.97707800002536,0.0
112,138.06653900019228,23.19910300002448,161.28713399984917,0.0
113,139.20612099991558,19.809441000234074,159.03640299984545,0.0
114,138.19738300026074,21.97887400006948,160.196926000026,0.0
115,132.02233999982127,26.64811800013922,158.69058699991,0.0
116,133.54615600019315,26.604664999922534,160.18051699984426,0.0
117,130.93826100021033,33.644533999904525,164.60720300028697,0.0
118,168.7372639999012,29.936955000266607,198.71714200007773,0.0
119,136.35190400009378,26.93730000009964,163.3140519998051,0.0
120,132.6426820000961,25.39553299993713,158.06067999983497,0.0
121,129.58305500023926,26.03518499972779,155.64016300004369,0.0
122,136.6088779996062,28.587451000021247,165.21805100001075,0.0
123,129.09567799988508,26.161138999668765,155.27842999972563,0.0
124,129.1043759997592,26.957076000144298,156.08454599987454,0.0
125,127.95915200013042,27.1180690001529,155.10323099988454,0.0
126,130.83724599982816,25.4649859998608,156.3238740000088,0.0
127,129.7503460000371,25.5174970002372,155.28953500006537,0.0
128,126.44472700003462,25.852717999896413,152.31970800005,0.0
129,127.58160400017005,25.386863999756315,152.990040000077,0.0
130,128.8694349996149,26.950639999995474,155.8428090002053,0.0
131,133.80262600003334,27.089415999853372,160.91420500015374,0.0
132,128.32641599970884,24.877631999970617,153.2260909998513,0.0
133,128.37559200033866,27.244857999903616,155.64118000020244,0.0
134,130.08469000033074,25.894156000049406,156.00085799997032,0.0
135,130.72637599998416,25.689769000109663,156.43885899999077,0.0
136,130.50166999983048,25.857283999812353,156.38049600011072,0.0
137,131.8479300002764,26.47840700001325,158.34690600013346,0.0
138,134.77638500035027,27.890177999779553,162.68813500028045,0.0
139,135.56868300020142,27.073412999925495,162.66647300017212,0.0
140,132.53052499976548,28.045640000073035,160.59847799988347,0.0
141,134.56864199997653,29.356625000218628,163.96417200030555,0.0
142,150.76284299993858,40.70463200014274,191.4933570001267,0.0
143,165.36940200012396,30.40155099961339,195.79785499990976,0.0
144,140.17016099978719,30.974763000358507,171.16868099992644,0.0
145,152.19714000022577,31.312137999975675,183.53351599989765,0.0
146,149.63970500002688,43.533514000046125,193.20546100016145,0.0
147,147.65835300022445,34.62347300001056,182.30719499979386,0.0
148,152.32549299980747,35.99819200007914,188.34802199990008,0.0
149,147.73673499985307,30.52822300014668,178.2890839999709,0.0
0,256.94173200008663,31.62106399986442,288.58925700023974,0.0
1,136.57465699998284,28.818164000313118,165.42298000013034,0.0
2,143.091142999765,28.379081999901246,171.49790000030407,0.0
3,130.5768080001144,25.311940999927174,155.91058000018165,0.0
4,136.55086199969446,25.09886699999697,161.672742999599,0.0
5,129.68499300041003,23.768392000420135,153.47724200000812,0.0
6,127.45179900002768,22.548725999968156,150.02299900015714,0.0
7,135.6941129997722,22.503118000258837,158.21929399999135,0.0
8,111.55556399990019,27.01026400018236,138.58773899983134,0.0
9,136.73305999964214,26.65777900028843,163.42674799989254,0.0
10,129.57987900017542,23.206701999697543,152.80861400015056,0.0
11,125.89276299968333,21.74523399980899,147.65874700015047,0.0
12,125.86582800031465,25.7922270002382,151.67911700018522,0.0
13,126.18754299955981,23.86791299977631,150.07820000028005,0.0
14,125.19447600016065,24.40463399989312,149.6199810003418,0.0
15,125.76106599999548,22.929982999812637,148.71276099984243,0.0
16,133.45923299993956,23.240875000283268,156.72194000035233,0.0
17,127.2415340004045,23.82511699988754,151.09469500021078,0.0
18,124.41580100039573,22.91893900019204,147.3563629997443,0.0
19,125.22838799986857,23.19368200005556,148.44340199988437,0.0
20,123.0689980002353,23.073889999977837,146.16376899994066,0.0
21,124.66931400012982,23.529193000285886,148.22113999980502,0.0
22,119.75594900013675,22.764546999951563,142.54168800016487,0.0
23,127.00885000003836,23.56624300000476,150.5961530001514,0.0
24,122.6649609998276,24.047395999787113,146.73601300000882,0.0
25,123.50763600034043,23.756821999995736,147.285589999683,0.0
26,127.59606899999199,24.496167000052083,152.11363599973993,0.0
27,124.21952700015026,23.073986999861518,147.3147249998874,0.0
28,124.83620200009682,22.186042000157613,147.04310500019346,0.0
29,123.27701599997454,23.21371600010025,146.51199299987638,0.0
30,127.54786100003912,22.76389200005724,150.3332360002787,0.0
31,125.66590000005817,23.258142000031512,148.94562400013456,0.0
32,111.30463800009238,22.605656999985513,133.9313950002179,0.0
33,123.21962400028497,22.700511000039114,145.94208700009403,0.0
34,124.64162900005249,22.463827999672503,147.1269899998333,0.0
35,123.16515500015157,24.67215300021053,147.85820899987812,0.0
36,129.12749299994175,33.03967600004398,162.22477000019353,0.0
37,140.4829210000571,35.50749300029565,176.02110400002857,0.0
38,146.30459399995743,32.131382999978086,178.4667680003622,0.0
39,143.1437910000568,47.22772500008432,190.42962899993654,0.0
40,146.25831900002595,31.14702099992428,177.43086000018593,0.0
41,138.8142499999958,28.942313000243303,167.7788160000091,0.0
42,137.07249000026422,25.36372200029291,162.4792160000652,0.0
43,125.3553709998414,28.5393130002376,153.91614500003925,0.0
44,131.16473000036422,27.5640269996984,158.77393399978246,0.0
45,125.98901699993803,28.58491699998922,154.60857100015346,0.0
46,128.3946220000871,23.32273100000748,151.73949600011838,0.0
47,127.13109200012696,24.517606999779673,151.67088199996215,0.0
48,127.50998600040475,27.091691000350693,154.62261899983787,0.0
49,137.33589699995719,28.1400339999891,165.52838300003714,0.0
50,143.6766959996021,29.646444000263728,173.34594400017522,0.0
51,126.95306300020093,27.780163999977958,154.78838400031236,0.0
52,132.06149200004802,22.802119000061793,154.8868049999328,0.0
53,126.72627300025852,23.056230999827676,149.8037450000993,0.0
54,125.71470099965154,22.66284799998175,148.40109399983703,0.0
55,127.14597800004412,25.27135599984831,152.4406190001173,0.0
56,133.00896500004455,28.56658599966977,161.60780399968644,0.0
57,135.63165200002913,23.26660600010655,158.91858799977854,0.0
58,125.94140800001696,27.177440999821556,153.14113299973542,0.0
59,125.79066499984037,22.29320900005405,148.10649799983366,0.0
60,125.91530700001385,28.085051999823918,154.02656000014758,0.0
61,131.22534700005417,29.021504999946046,160.26764200023536,0.0
62,133.1774380000752,28.04151499958607,161.24381100007668,0.0
63,127.27926900015518,26.70066400014548,154.01050199989186,0.0
64,124.68286400007855,28.079467000225122,152.7890639999896,0.0
65,126.69939399984287,23.514535000231263,150.2343289998862,0.0
66,125.10173500004385,24.18970500002615,149.3129210002735,0.0
67,124.70605600037743,22.42717299986907,147.1548510003231,0.0
68,126.78735200006486,22.588536000057502,149.39746999971248,0.0
69,125.469535999855,22.70413099995494,148.19553899997118,0.0
70,129.0695970001252,22.73216499997943,151.82241299999077,0.0
71,126.32278000000952,22.813271999893914,149.15735299973676,0.0
72,123.38763799971275,21.78216299989799,145.1909219999834,0.0
73,124.26331300002857,21.384740000030433,145.66769100019883,0.0
74,125.8906590001061,21.686936000151036,147.59878599988951,0.0
75,123.64593599977525,23.282068999833427,146.9502879999709,0.0
76,124.8498209997706,22.538877999977558,147.4113520002902,0.0
77,119.63099100012187,18.46793400000024,138.1213269996806,0.0
78,123.45104800033369,17.984234999858018,141.45595300033165,0.0
79,124.32053100019402,24.36501700003646,148.70725000037055,0.0
80,122.65362800008006,22.668917999908444,145.34367800024484,0.0
81,122.99239599997236,23.129019999942102,146.14299799995933,0.0
82,125.42834999976549,25.267526999869006,150.71987300007095,0.0
83,123.42407300002378,23.99165200040443,147.4384610000925,0.0
84,132.28526700004295,22.46484999977838,154.77062699983435,0.0
85,127.23832600022433,21.61473099977229,148.87403700004143,0.0
86,128.94734000019525,21.472014000210038,150.44108700021752,0.0
87,126.60978700023406,21.945151999716472,148.57584900028087,0.0
88,126.42382700005328,22.07802900011302,148.5238489999574,0.0
89,126.42097099978855,21.728010999595426,148.17148600013752,0.0
90,126.84950199991363,20.831230000112555,147.70233399985955,0.0
91,120.72949299999891,22.226495000268187,142.97636799983593,0.0
92,126.28100599977188,21.81316299993341,148.1158219999088,0.0
93,125.02462100019329,20.827722999911202,145.87389600001188,0.0
94,126.87434700001177,23.14144899992243,150.03784800001085,0.0
95,125.76410399969973,21.771051000087027,147.55718900005377,0.0
96,128.6679429999822,21.84340100029658,150.53198399982648,0.0
97,123.90563799999654,21.291259999998147,145.2220959999977,0.0
98,123.61124699964421,21.150305999981356,144.7832250000829,0.0
99,121.97696900011579,21.649274000083096,143.64949699984209,0.0
100,121.51733800010334,22.7516499999183,144.2900379997809,0.0
101,120.474626000032,21.94533700003376,142.4447509998572,0.0
102,123.6459140000079,24.749523000082263,148.41759099999763,0.0
103,126.39340900022944,23.228973999721347,149.64713000017582,0.0
104,122.19616100037456,21.475645000009536,143.6936679997416,0.0
105,111.69082399965191,20.877535000181524,132.58977999976196,0.0
106,122.69630999981018,21.77122800003417,144.4880879998891,0.0
107,122.74231999981566,22.25557600013417,145.03779400001804,0.0
108,123.51201299998138,21.144393000213313,144.67874799993297,0.0
109,121.61132400024144,21.156785000130185,142.78983099984544,0.0
110,122.08532399972682,22.75761699957002,144.86459299996568,0.0
111,122.22687700023016,21.86325399998168,144.1120040003625,0.0
112,123.01211000021794,22.546197999872675,145.5802999998923,0.0
113,122.91104500036454,21.964779999962047,144.89884899967365,0.0
114,121.52859400021043,21.96372899970811,143.5135340002489,0.0
115,122.67967300022065,25.681814000108716,148.39834900021742,0.0
116,128.35785000015676,21.736225000040577,150.11567800002013,0.0
117,126.27655500000401,23.477261000152794,149.775426999895,0.0
118,123.55357700016611,22.828591999768832,146.40396200002215,0.0
119,113.4591290001481,25.215640000169515,138.70084000018323,0.0
120,120.76630299998214,21.589611999843328,142.37744699994437,0.0
121,121.44035800019992,20.740594000017154,142.20086900013484,0.0
122,125.50069799999619,22.64846200023385,148.16956899994693,0.0
123,126.83144800030277,21.16821199979313,148.02356599966515,0.0
124,127.6518079998823,20.359955999992962,148.032854000121,0.0
125,123.93469300013749,21.02067600026203,144.97675099983098,0.0
126,132.71355899996706,21.48295999995753,154.21801100001176,0.0
127,127.30179499976657,25.2452530003211,152.5667269997939,0.0
128,130.48242200011373,21.70771600003718,152.2128309998152,0.0
129,127.288160000262,24.048923999998806,151.35908599995673,0.0
130,123.34997599964481,24.45759599959274,147.82888299987462,0.0
131,123.11344899990218,24.84444599986091,147.98089799978698,0.0
132,126.42977299992708,23.10178600009749,149.55360100020698,0.0
133,131.5754760003074,26.20699399994919,157.80996300009065,0.0
134,123.96562699996139,23.62844600020253,147.61602500038862,0.0
135,126.7441019999751,23.804596999980276,150.57025099986276,0.0
136,123.70320900026854,26.598332000048686,150.3222410001399,0.0
137,123.40573299979951,23.429119999946124,146.8562129998645,0.0
138,123.47499899988179,22.919018999800755,146.4145869999811,0.0
139,122.59407600004124,20.544576999782294,143.1604449999213,0.0
140,144.80045299978883,25.478217999989283,170.30752699974983,0.0
141,126.32841399999961,20.743332000165537,147.09355800005142,0.0
142,121.30013799969674,21.6719820000435,142.99315099970045,0.0
143,121.88436999986152,22.085403999881237,143.99111500006256,0.0
144,121.4283570002408,22.569248000309017,144.0191470001082,0.0
145,121.06043099993258,21.059713999875385,142.1410250000008,0.0
146,120.71993099971223,21.70684699967751,142.4495430001116,0.0
147,124.6542670000963,22.185234000062337,146.86059099994964,0.0
148,119.48009900015677,20.722039999782282,140.22508199968797,0.0
149,125.74710299986691,21.88935100002709,147.65810700009752,0.0
0,1530.1809060001688,11.854896999921039,1542.0553100002508,0.0
1,87.93110300030094,16.996657999698073,104.94898400020247,0.0
2,92.15733099972567,15.082990999871981,107.2614730001078,0.0
3,92.23084399991421,13.529442000162817,105.78179699996326,0.0
4,91.39122699980362,13.33874099964305,104.75153100014722,0.0
5,91.6411209996113,12.547197999992932,104.20958099985,0.0
6,91.88445300014791,12.958726000306342,104.8639689997799,0.0
7,92.27946800001519,22.80939899992518,115.11888599989106,0.0
8,90.76259999983449,16.765539000061835,107.55054299988842,0.0
9,90.04470899981243,17.07525900019391,107.14200099982918,0.0
10,90.59102699984578,17.237783999917156,107.8508939999665,0.0
11,90.48325900039345,17.42915400018319,107.93543899990254,0.0
12,90.66855799983387,15.646401000140031,106.33586899984948,0.0
13,91.32443799990142,15.566236000267963,106.91238599974895,0.0
14,90.7598149997284,16.586591999839584,107.36778899990895,0.0
15,92.62644099999306,16.625066999949922,109.27308899999844,0.0
16,90.81731700007367,16.197186000226793,107.03643499982718,0.0
17,91.48729500020636,18.23708699976123,109.74847899979068,0.0
18,101.15055400001438,16.79138800000146,117.96439499994449,0.0
19,90.9261179999703,17.06506799973795,108.0132379997849,0.0
20,89.84993300009592,16.615627000192035,106.48863399956099,0.0
21,90.58235200018316,16.823258999920654,107.42850499991619,0.0
22,91.10688800001299,17.52406700006759,108.65325799977654,0.0
23,91.73149699972782,18.031728000096336,109.78457800001706,0.0
24,72.6312799997686,18.050203999791847,90.70543100006034,0.0
25,91.97374800032776,15.368559999842546,107.36448999978165,0.0
26,92.86127699988356,15.39310700036367,108.27572500011229,0.0
27,92.04170900011377,16.118462000122236,108.18381699982638,0.0
28,73.44030800004475,17.521028999908594,90.98466200020994,0.0
29,83.21499200019389,16.71189199987566,99.94908699991356,0.0
30,91.03709300006813,15.741281999908097,106.80040799979906,0.0
31,91.11923299997216,15.528379999977915,106.66976499987868,0.0
32,92.26733800005604,16.77634499992564,109.06495400013227,0.0
33,90.5843279997498,16.26671699978033,106.87104299995553,0.0
34,90.38228600002185,16.11306999984663,106.51726800006145,0.0
35,91.79295800004184,16.121024999847577,107.93675799959601,0.0
36,90.51745700026004,17.469877999701566,108.01281500016557,0.0
37,90.70973899997625,16.372102000332234,107.11213000013231,0.0
38,90.29985600000145,15.936508999857324,106.25673399999869,0.0
39,90.6929869997839,16.061309999713558,106.77460599981714,0.0
40,91.30526499984626,15.080107999892789,106.40716499983682,0.0
41,90.19181800022125,16.0414789997958,106.2533560002521,0.0
42,91.10351300023467,20.325857999978325,111.45549299999402,0.0
43,92.34582999988561,17.050184000254376,109.41803600007916,0.0
44,94.81963100006396,15.948248999848147,110.78915200005213,0.0
45,91.89725200030807,15.163509000103659,107.08184100030849,0.0
46,92.32029100030559,16.87156700018022,109.2134100003932,0.0
47,90.97870200002944,16.701658999863866,107.70182200030831,0.0
48,90.25835800002824,16.416614999798185,106.6963940002097,0.0
49,89.94754600007582,15.73070699987511,105.69985400024962,0.0
50,90.49459500010926,16.090463000182353,106.60658999995576,0.0
51,90.46652000006361,16.048822999891854,106.5364750002118,0.0
52,90.17955500030439,16.022901999804162,106.22514199985744,0.0
53,90.8216480002011,15.63893000002281,106.48223899988807,0.0
54,90.40024299974903,16.76134199988155,107.18305599993982,0.0
55,89.96334600033151,16.779156999746192,106.76326400016478,0.0
56,90.40474199991877,16.22865900026227,106.6547420000461,0.0
57,90.28266499990423,16.376034999666444,106.68089299997519,0.0
58,90.43509100001756,16.508960999999545,106.96657700009382,0.0
59,90.75296699984392,16.088667000076384,106.86329600002864,0.0
60,90.34929499966893,15.769199000260414,106.1413590000484,0.0
61,89.79088400019464,15.696217999902728,105.50848299999416,0.0
62,89.82586100000844,16.278615999908652,106.12669900001492,0.0
63,90.83767100037221,16.255430999990494,107.11492299969905,0.0
64,92.98221500012005,19.93531600010101,112.93928199984293,0.0
65,91.46979599972838,16.497127000093315,107.98889499983488,0.0
66,90.2872159999788,16.29298199986806,106.60189999998693,0.0
67,91.0229200003414,16.878876000191667,107.9242199998589,0.0
68,90.66454599997087,17.34590100022615,108.03361200032668,0.0
69,90.84272100017188,16.879668000001402,107.74652700001752,0.0
70,92.24033800001052,16.83161500022834,109.09373499998765,0.0
71,91.05671599991183,16.99397999982466,108.07219699972848,0.0
72,91.25481000000946,16.774953000094683,108.05178600003273,0.0
73,90.693402999932,17.281274999731977,107.9958790001001,0.0
74,91.3467479999781,16.76532600004066,108.1330839997463,0.0
75,90.48589100029858,16.957506999915495,107.4653410000792,0.0
76,90.41443299975072,17.347592000078293,107.78656299999057,0.0
77,90.99287300023207,16.3765020001847,107.39490500009197,0.0
78,74.94124999993801,19.1778369999156,94.14488599986726,0.0
79,90.9644080002181,16.294452999773057,107.28077300018413,0.0
80,91.30908599991017,16.71240099994975,108.04804899998999,0.0
81,88.06683800003157,17.379503000029217,105.46771200006333,0.0
82,93.94315700001243,17.626221000227815,111.59022700030619,0.0
83,92.25533900007576,17.968864000067697,110.24713699998756,0.0
84,92.77170899986231,17.296301999977004,110.089250999863,0.0
85,94.8238220003077,18.3002660000966,113.14501800006838,0.0
86,93.70554600036485,17.592054000033386,111.3189720003902,0.0
87,80.38754799963499,17.850622999958432,98.26091499962786,0.0
88,93.43391099992004,18.062173000089388,111.51919899975837,0.0
89,73.9788320001935,22.333173000333773,96.33356599988474,0.0
90,89.77290299981178,17.52516300030038,107.31964800015703,0.0
91,82.87727100014308,17.041055999925447,99.9415820001559,0.0
92,91.83843199980402,16.570104000038555,108.43065900007787,0.0
93,93.01703400024053,19.02724199999284,112.06760100003521,0.0
94,95.00976200024525,17.579938999915612,112.61128399974041,0.0
95,90.20958600012818,18.467085000338557,108.6978119997184,0.0
96,90.51623200002723,16.41157599988219,106.94891899993308,0.0
97,92.0359050001025,16.09010300035152,108.1477900002028,0.0
98,90.52530999997543,16.42579300005309,106.97313699984079,0.0
99,92.43377599977975,17.054830999768456,109.50976699996318,0.0
100,88.47662399966794,18.05431499997212,106.55355400012922,0.0
101,93.4513759998481,17.085389999920153,110.55989099986618,0.0
102,92.87386799996966,18.327083999793103,111.2243870002203,0.0
103,90.26475400014533,17.890365999846836,108.17723199988905,0.0
104,93.5638639998615,16.67832000021008,110.26480900000024,0.0
105,90.95478300014292,17.691571999876032,108.66846799990526,0.0
106,92.72016100021574,16.87413799982096,109.61498899996514,0.0
107,92.9772489998868,17.969209000057162,110.96768900006282,0.0
108,91.07005599980766,17.225779999989754,108.31880000023375,0.0
109,91.5059700000711,17.134963999978936,108.66229499970359,0.0
110,98.70389600018825,24.251030999948853,122.9812880001191,0.0
111,90.2860320002219,17.70116899979257,108.01042500042968,0.0
112,90.01790100001017,18.458876000295277,108.49897899970529,0.0
113,91.70014700021056,20.035817999996652,111.75963100004083,0.0
114,93.64466199986055,18.046868000055838,111.71567600013077,0.0
115,90.37551299979896,18.10614199985139,108.50335700024516,0.0
116,89.7201339998901,18.294377000074746,108.03621300010491,0.0
117,91.35481900011655,18.26708399994459,109.64575900015916,0.0
118,90.20773799966264,18.365354999787087,108.59512500019264,0.0
119,89.58942200024467,18.46480500034886,108.07664100002512,0.0
120,91.34717400002046,18.799874000251293,110.17043500032742,0.0
121,90.8972439997342,19.28578400020342,110.21068200034279,0.0
122,90.5573549998735,18.496386000151688,109.07527300014408,0.0
123,89.99623899990183,18.223809000119218,108.24342300020362,0.0
124,92.78345499978968,16.94607499985068,109.75109199989674,0.0
125,90.79306100011308,17.205928999828757,108.02023099995495,0.0
126,91.07653000000937,17.261013999814168,108.37137899989102,0.0
127,91.96770700009438,17.248879999897326,109.23741699980383,0.0
128,92.34756200021366,16.924531999848114,109.2945869995674,0.0
129,92.09888999976101,16.633729000204767,108.75871099960932,0.0
130,69.45982800016282,20.403576000262547,89.88887299983617,0.0
131,93.60527699982413,18.82448000014847,112.45123800017609,0.0
132,90.34520600016549,21.090625999931945,111.45780500010005,0.0
133,91.59924400000818,18.92745900022419,110.54925600001297,0.0
134,91.24760300028356,18.704346000049554,109.97451200000796,0.0
135,90.74817699956839,19.048920999921393,109.81892200015864,0.0
136,94.25779999992301,17.73531000026196,112.0150020001347,0.0
137,81.38781799971184,19.038423000438343,100.44805200004703,0.0
138,92.96994799979075,17.3671069996999,110.35815500008539,0.0
139,92.73837999990064,17.477680999945733,110.2363999998488,0.0
140,94.18357699996704,17.521104000024934,111.72557099962432,0.0
141,93.4096790001604,17.947831000128645,111.37785799974154,0.0
142,92.6649160001034,17.879537000226264,110.57176600024832,0.0
143,92.03706300013437,18.764279000151873,110.82117100022515,0.0
144,93.37873999993462,18.842320000203472,112.24221099973875,0.0
145,93.68297900027756,18.67871300009938,112.38269300019965,0.0
146,92.75002300000779,18.425634000323043,111.1972980002065,0.0
147,92.53788200021518,14.730822000274202,107.29173900017486,0.0
148,92.79101199990691,14.342702000249119,107.15664800000013,0.0
0,109.6031199999743,20.88358499986498,130.5093390001275,0.0
1,90.92035399999077,20.222606000061205,111.16767900011837,0.0
2,91.92625100013174,19.662693000100262,111.61197899991748,0.0
3,92.36181500000384,20.017037999878085,112.40171700001156,0.0
4,91.56641500021578,19.89395999999033,111.48308000019824,0.0
5,94.39946800011967,20.084740000129386,114.50685099998736,0.0
6,93.37985399997706,19.848500000080094,113.25056700025016,0.0
7,95.53783199999089,17.369983999742544,112.93120999971507,0.0
8,94.5037900000898,15.627161000338674,110.15236299999742,0.0
9,93.15395800012993,15.652359999876353,108.8271190001251,0.0
10,93.39596700010588,16.324752000400622,109.74215999976877,0.0
11,95.45797700002367,19.775628999923356,115.26422499991895,0.0
12,93.09695799993278,19.852737999826786,112.9727309998998,0.0
13,92.87150100044528,20.021854999868083,112.91530000016792,0.0
14,92.75725399993462,20.17127299995991,112.95010799994998,0.0
15,92.54697500000475,20.343054999557353,112.91218299993488,0.0
16,92.70986000001358,20.02422800023851,112.75701300019136,0.0
17,92.35140700002376,19.789643999956752,112.16441600026883,0.0
18,91.63949899993895,20.5898829999569,112.2514339999725,0.0
19,91.82902500015189,20.45380900017335,112.30619100024342,0.0
20,92.80602599983467,19.088777999968443,111.92093499994371,0.0
21,94.50393999986773,19.654170000194426,114.18142499996975,0.0
22,92.89694300014162,18.41814899989913,111.3358109996625,0.0
23,92.47405499991146,18.50631900015287,111.00232599983428,0.0
24,92.69860900030835,19.65994200008936,112.37992099995608,0.0
25,92.85472100009429,18.556587000148284,111.43188699998063,0.0
26,94.054523000068,19.180783999672713,113.25722999981735,0.0
27,95.94781600026181,18.55483400004232,114.52486200005296,0.0
28,97.22621999981129,23.260538000158704,120.50911200003611,0.0
29,98.61477699996613,17.95064199995977,116.58750199967471,0.0
30,94.55447100026504,18.794754999817087,113.36999600007402,0.0
31,93.18755700041947,18.207089000043197,111.42139699995823,0.0
32,92.84806899995601,18.33175999990999,111.20165100010126,0.0
33,94.99763800022265,21.02461000004041,116.04391099990607,0.0
34,94.06098599993129,21.84819400008564,115.93647299969234,0.0
35,95.73339200005648,18.285669999841048,114.04139500018573,0.0
36,95.77376400011417,14.013012999839702,109.80799799972374,0.0
37,92.30187399998613,14.78822199987917,107.11120700034371,0.0
38,92.4774640002397,14.41116299974965,106.90904600005524,0.0
39,92.98294199970769,14.491377000013017,107.49603099975502,0.0
40,97.52227299986771,18.212797999694885,115.75683399996706,0.0
41,102.74077999974907,17.770902999927785,120.53319500000725,0.0
42,97.27672799999709,14.883747000112635,112.18181699996421,0.0
43,97.40111900009651,14.865170000120997,112.2887129999981,0.0
44,93.90111899983822,14.503570000215404,108.42525799989744,0.0
45,94.02695200014932,14.299766000021918,108.34706700006791,0.0
46,93.7216620000072,13.993041999583511,107.73599499998454,0.0
47,91.99155399983283,13.813664999815956,105.8259689998522,0.0
48,92.88116500010801,13.65729300005114,106.56298599997172,0.0
49,84.44223800006512,14.817747000051895,99.28269100009857,0.0
50,95.48843999982637,17.258711000067706,112.76790000010806,0.0
51,100.7033070000034,20.858643000337906,121.58538499988936,0.0
52,95.2495890001046,16.767639000136114,112.03893899983086,0.0
53,92.67660100022113,17.44008000014219,110.13965400024972,0.0
54,92.50456800009488,15.525755999988178,108.05331800020213,0.0
55,92.7082309999605,14.337025999793696,107.06697900013751,0.0
56,95.82199600026797,14.269185999637557,110.11130999986563,0.0
57,95.11115099985545,16.602708999926108,111.73474099996383,0.0
58,94.08367300011378,14.702312999816058,108.80897000015466,0.0
59,94.49868799993055,14.131817999896157,108.65009400004055,0.0
60,96.77322700008517,14.076671000111673,110.87109900017822,0.0
61,94.90387000005285,13.750671000252623,108.67595299987443,0.0
62,95.62532600011764,13.891823999983899,109.53870200000893,0.0
63,94.3547279998711,14.178267000261258,108.55493899998692,0.0
64,101.9416550002461,18.246298000121897,120.2091630002542,0.0
65,96.48035100008201,16.71952400010923,113.22229800043715,0.0
66,96.23847199964075,15.726652000012109,111.98578599987741,0.0
67,95.47510599986708,14.677070999823627,110.1736699997673,0.0
68,94.68535899986819,13.989941999625444,108.69549000017287,0.0
69,94.73516399975779,14.069667000057962,108.82608299971253,0.0
70,94.03003100032947,18.69387100032327,112.74604500022178,0.0
71,95.11664299998301,17.14775099981125,112.28644599987092,0.0
72,95.31823299994358,18.065845999899466,113.41050100008943,0.0
73,92.55820399994263,17.493900999852485,110.07326499975534,0.0
74,92.88388999993913,18.872816000111925,111.77986100028647,0.0
75,93.71527299981608,21.130101999915496,114.89866900001289,0.0
76,97.69561300026908,21.723280000060186,119.4485689998146,0.0
77,94.4983679996767,17.054708999694412,111.57714399996621,0.0
78,92.61336200006554,17.585926000265317,110.22080100019593,0.0
79,93.57081300004211,18.27440899978683,111.8674839999585,0.0
80,94.06326599992099,17.40172999961942,111.48715899980743,0.0
81,92.72617900023761,17.144072000064625,109.89203400004044,0.0
82,93.9950450001561,17.761915000392037,111.7783619997681,0.0
83,71.75517900031991,22.7401329998429,94.51947900015512,0.0
84,91.23026700035552,20.209929999964515,111.46314200004781,0.0
85,91.19270600012896,20.137700000304903,111.35325000032026,0.0
86,90.42568099994241,20.1274910000393,110.57672799961438,0.0
87,90.76574000027904,20.358116999886988,111.14729200016882,0.0
88,90.73978900005386,20.39915600016684,111.16162899998017,0.0
89,90.04339000011896,20.140061999882164,110.20642700032113,0.0
90,90.4418939999232,20.115044999784004,110.57963199982623,0.0
91,90.3559570001562,20.13278899994475,110.51145000010365,0.0
92,89.87556900001437,20.26140799989662,110.16147400005138,0.0
93,90.76929699995162,20.845738999923924,111.63736800017432,0.0
94,89.32589500000176,20.212382999943657,109.56119299999045,0.0
95,88.1717839997691,20.563763000154722,108.7585410000429,0.0
96,88.66925500024081,18.953729000259045,107.64983699982622,0.0
97,91.64759999976013,21.87250299994048,113.54264599958697,0.0
98,87.54603400029737,18.040219999875262,105.60746600003768,0.0
99,86.13645900004485,17.839653000010003,103.99713200013139,0.0
100,86.92049499995846,18.45911000009437,105.40005499979088,0.0
101,86.25687199992171,18.686479999814765,104.9641919998976,0.0
102,86.70106999989002,18.199768000158656,104.92610800019975,0.0
103,89.8452719998204,22.191076999661163,112.06160799974896,0.0
104,89.29393500011429,21.258373000364372,110.57360999984667,0.0
105,87.43649499956518,18.305231000340427,105.76414900015152,0.0
106,86.92862199995943,17.64157800016619,104.59206199993787,0.0
107,72.87697899982959,19.215630999951827,92.11497200021768,0.0
108,87.6620910003112,16.915903000153776,104.6019009995689,0.0
109,89.24909999996089,20.24263700013762,109.52656499966906,0.0
110,91.15402499992342,22.81288799986214,113.98876499970356,0.0
111,87.37694999990708,18.973854000250867,106.37269599965293,0.0
112,86.5410830001565,17.188191000059305,103.7658640002519,0.0
113,85.27700100012225,17.387814999892726,102.68657799997527,0.0
114,84.90316799998254,17.215361000125995,102.1405120000054,0.0
115,85.85775399978957,18.04674899995007,103.92596500014406,0.0
116,85.33424100005504,15.971675999935542,101.32780999992974,0.0
117,85.37119199991139,16.739171000153874,102.13542100018458,0.0
118,84.67994500006171,17.227284999989934,101.92904300038208,0.0
119,84.99804099983521,16.994294000141963,102.01510799970492,0.0
120,88.4651159999521,16.51350400015872,104.9990199999229,0.0
121,88.35617900012949,16.297233999921446,104.67573599999014,0.0
122,85.78476499997123,16.066487999978563,101.87330600001587,0.0
123,86.38760900021225,17.11781099993459,103.52577100002236,0.0
124,86.4409529999648,20.25794399969527,106.72248199989554,0.0
125,93.24201399977028,19.127155999740353,112.39413999965109,0.0
126,87.39565899986701,18.696023000302375,106.11482600006639,0.0
127,87.31645599982585,19.098462000329164,106.43871299998864,0.0
128,87.02184599997054,20.364800000152172,107.41129300004104,0.0
129,86.3270959998772,18.40082099988649,104.75202399993577,0.0
130,86.36178200003997,18.436639999890758,104.82157599972197,0.0
131,86.78733500028102,18.850559999918914,105.66083900039303,0.0
132,87.33623600028295,18.852483999580727,106.21302700019442,0.0
133,86.0911390000183,18.438062999848626,104.5526160000918,0.0
134,85.55803799981732,18.786284999805503,104.36789999994289,0.0
135,86.46856900031707,18.919743999958882,105.41046499974982,0.0
136,86.56719000009616,18.624031999934232,105.21577899999102,0.0
137,85.08801099969787,19.43200200003048,104.55241500039847,0.0
138,85.24049599964201,19.563947999813536,104.82829000011407,0.0
139,89.11287299997639,18.451917999755096,107.58766400022068,0.0
140,83.59405199962566,17.590009999821632,101.20490300005258,0.0
141,85.2811740001016,18.483969000044453,103.78772800004299,0.0
142,85.21559800010436,16.3554139999178,101.5924130001622,0.0
143,87.76959599981637,16.401691999817558,104.19295999963651,0.0
144,85.4900990002534,17.11545299986028,102.62653299969315,0.0
145,83.3377220001239,18.49747300002491,101.86962199986738,0.0
146,86.31781100029912,16.321978000178206,102.66076900006738,0.0
147,83.07373800016649,16.716471000108868,99.81255200000305,0.0
148,83.0434399999831,17.50088800008598,100.56891500016718,0.0
0,198.3322699998098,20.010822000131157,218.36577600015517,0.0
1,135.81851600019945,21.027798999966762,156.86950000008437,0.0
2,139.13094999998066,21.179151000069396,160.33329499987303,0.0
3,137.38773900013257,20.279571999708423,157.69086799991783,0.0
4,137.48558899987984,22.010076999777084,159.5196630000828,0.0
5,137.43211200016958,20.090283999707026,157.5531060002504,0.0
6,137.5540290000572,20.558077999794477,158.1386179996116,0.0
7,137.41304599989235,20.418849000179762,157.85559000005378,0.0
8,136.95917900031418,20.863968999947247,157.84709499985183,0.0
9,137.82198600029005,20.197862000259192,158.04313300031936,0.0
10,137.18430800008719,20.97051400005512,158.17793699989124,0.0
11,136.87424199997622,20.633361999898625,157.53178000022672,0.0
12,136.49218399996244,20.469023999794445,156.9847630003096,0.0
13,140.5862370002069,21.713940000154253,162.32410300017364,0.0
14,139.46416799990402,19.645132000277954,159.13221399978283,0.0
15,137.52925800008597,20.335566000085237,157.8878780001105,0.0
16,137.58955200000855,19.989045000329497,157.60116999990714,0.0
17,137.5986089997241,20.346114999938436,157.96780800019405,0.0
18,138.313831999767,20.11046899997382,158.44707499991273,0.0
19,137.7917830000115,20.576830999743834,158.39154699961,0.0
20,137.3752079998667,20.582631999786827,157.98080400008985,0.0
21,137.5405479998335,19.61149299995668,157.17440400021587,0.0
22,137.64620800020566,20.65987900004984,158.32792999981393,0.0
23,140.20818000017243,19.56035500006692,159.79004599967084,0.0
24,138.42593500021394,20.182397000098717,158.6310760003471,0.0
25,136.61248999960662,19.61856700017961,156.25362099990525,0.0
26,136.69488999994428,19.407476999731443,156.1257929997737,0.0
27,136.74495399982334,19.90130100011811,156.68310599994584,0.0
28,137.58521699992343,20.016113000110636,157.62407500005793,0.0
29,137.2715210000024,19.891392999852542,157.1858889997202,0.0
30,136.8499269997301,19.55047299998114,156.425008000042,0.0
31,138.03043899997647,20.364857000004122,158.42111499978273,0.0
32,137.41100100014592,19.539019000148983,156.97234400022353,0.0
33,137.75516299983792,21.18172400014373,158.95845999966696,0.0
34,138.08908999999403,20.108329999857233,158.2196910003404,0.0
35,137.51416800005245,20.01955800005817,157.557861999976,0.0
36,137.85728099992411,15.358148999894183,153.23705299988433,0.0
37,139.81187799981853,15.760856999804673,155.59486700021807,0.0
38,139.00002599984873,16.467300999920553,155.4887300003429,0.0
39,137.82558599996264,15.698845999850164,153.5451939998893,0.0
40,141.93466799997623,15.307239999856392,157.26341999970828,0.0
41,137.16502099987338,15.774823999890941,152.96150699987265,0.0
42,137.68562699988252,15.408685999773297,153.11901999984912,0.0
43,138.73844399995505,16.18084700021427,154.94048100026703,0.0
44,139.88305900011255,15.5836329995509,155.4901389999941,0.0
45,140.14383400035513,17.65731000023152,157.8233770001134,0.0
46,140.5255310000939,16.603304000000207,157.14978599999085,0.0
47,141.11003000016353,15.644068999790761,156.77540199976647,0.0
48,138.95303300023443,15.62190599997848,154.5955699998558,0.0
49,138.87258400018254,19.884982999883505,158.7789079999311,0.0
50,138.28813600002832,18.816508000327303,157.12658599977658,0.0
51,137.2495489999892,19.019821000256343,156.2912320000578,0.0
52,138.94473499976812,19.733008999992308,158.69923499985816,0.0
53,141.0928249997596,22.12676499993904,163.24033899991264,0.0
54,141.6936790001273,19.12777699999424,160.84297899988087,0.0
55,139.2440390000047,19.378973000129918,158.64424399978816,0.0
56,139.02897300022232,19.84350099974108,158.89577999996618,0.0
57,139.20757000005324,19.439579999925627,158.66796999989674,0.0
58,139.88788400001795,19.744138000078237,159.65345399990838,0.0
59,140.38732900007744,18.378741000105947,158.78808200022831,0.0
60,139.53705399990213,19.632801999705407,159.19084600000133,0.0
61,136.3256879999426,19.430521000231238,155.7782319996477,0.0
62,139.62746800007153,19.426662999649125,159.07571299976553,0.0
63,138.2298579997041,19.211808999898494,157.46211600026072,0.0
64,139.43493599981593,16.214948000197182,155.6715259998782,0.0
65,120.30504899985317,15.67928100030258,136.01100199957727,0.0
66,137.06704900005207,16.370306999760942,153.4581360001539,0.0
67,136.13681099968744,20.786187999874528,156.9533169999886,0.0
68,135.48528199999055,20.739497999784362,156.26085999974748,0.0
69,135.33391000009942,20.56072300001688,155.91835900022488,0.0
70,134.48696399973414,20.73588099983681,155.24580900000728,0.0
71,135.73082400034764,22.983651000231475,158.74082700020153,0.0
72,138.54449099972044,23.746644999846467,162.31448100006673,0.0
73,147.71328300003006,26.93912300037482,174.6865219997744,0.0
74,142.73299199976464,23.0738659997769,165.82993200017881,0.0
75,137.90824199986673,20.057147999978042,157.98717100005888,0.0
76,138.01198999999542,19.43643599997813,157.47178099991288,0.0
77,137.05923800034725,20.612409000023035,157.6936989999922,0.0
78,138.43070699977034,19.936774000143487,158.3904649996839,0.0
79,137.4977460000082,31.106430000363616,168.63085800014233,0.0
80,149.31012399983956,24.053826999988814,173.39037200008534,0.0
81,143.26163300029293,21.155125999939628,164.43885200033037,0.0
82,141.09076299973822,19.24573699989196,160.35800300005576,0.0
83,142.1407719999479,21.149945000161097,163.3140320000166,0.0
84,142.26844799986793,21.188339000218548,163.4793719999834,0.0
85,139.06467000015255,20.62882800009902,159.7152310000638,0.0
86,141.09612099991864,26.47104199968453,167.59158100012428,0.0
87,145.9695449998435,24.823660000038217,170.82559700020283,0.0
88,146.84009600023273,24.0721370000756,170.9357499998987,0.0
89,146.4200539999183,24.56406800001787,171.00861099970643,0.0
90,146.15240800003448,24.766960000306426,170.9431939998467,0.0
91,143.37952000005316,21.552529000018694,164.9554430000535,0.0
92,142.99099899972134,30.859976000101597,173.88188399991122,0.0
93,143.71286300001884,25.00883499988049,168.74708700015617,0.0
94,148.5314700003073,24.002580999876955,172.58064099996773,0.0
95,145.5359540000245,28.31637300005241,173.88786499986963,0.0
96,155.6264809996719,26.11767400003373,181.76840200021616,0.0
97,151.92871799990826,26.232917000015732,178.18465900018055,0.0
98,152.477097999963,27.199673999803053,179.70117799995933,0.0
99,150.43493300026967,25.07562099981442,175.5489989996022,0.0
100,159.15633700024046,28.207290999944234,187.38941799983877,0.0
101,154.97695700014447,24.982879999697616,180.00818099972093,0.0
102,152.9777999999169,22.253389000070456,175.25497499991616,0.0
103,149.2296409996925,21.83502000025328,171.08923000023424,0.0
104,149.0619080000215,23.508471999775793,172.5938260001385,0.0
105,150.9665460002907,23.71339799992711,174.70483299985062,0.0
106,150.76252200015006,23.74479699983567,174.53036300003077,0.0
107,151.27451800026392,25.10320999999749,176.40165500006333,0.0
108,152.2660719997475,22.741580000001704,175.03205799994248,0.0
109,151.78691699975388,23.671555999953853,175.4809959998056,0.0
110,154.1808210004092,23.785446000147203,177.9902419998507,0.0
111,161.66771700000027,25.85073199998078,187.5418639997406,0.0
112,163.7697340001978,27.731814000162558,191.52471300003526,0.0
113,159.7121380000317,28.28682699964702,188.02632699998867,0.0
114,172.03791100018861,23.96697399990444,196.0287199999584,0.0
115,157.87249499999234,23.577419000048394,181.47241800033953,0.0
116,157.15391399999135,23.466915999961202,180.64457600030437,0.0
117,158.05831999978182,23.67065900034504,181.7523039999287,0.0
118,157.22237499994662,24.013512000237824,181.25988400015558,0.0
119,158.03824100021302,23.829947000194807,181.89147399971262,0.0
120,158.49328700005572,21.704661000057968,180.21861799979888,0.0
121,161.03983399989374,23.87691600006292,184.9391230002766,0.0
122,159.41021600019667,22.723899000084202,182.15526699987095,0.0
123,160.85059799979717,23.054927999965003,183.93271800005095,0.0
124,156.19466700036355,22.60902799980613,178.82640900006663,0.0
125,155.63451799971517,22.650725999938004,178.30710599992017,0.0
126,148.85300800006007,21.788660999845888,170.66372099998262,0.0
127,145.46915399978388,21.733365000272897,167.2245509998902,0.0
128,147.83227600037208,22.424039000270568,170.28025999979945,0.0
129,148.62031899974681,22.515725000175735,171.1570440002106,0.0
130,154.93400299965288,20.917227000154526,175.87240100010604,0.0
131,154.52366299996356,22.048260999781633,176.59447799996997,0.0
132,154.91404700014755,21.861238999917987,176.79691800003638,0.0
133,152.39714800009097,22.9591590000382,175.37812900036442,0.0
134,159.3628059999901,22.352738000336103,181.73755800034996,0.0
135,143.577101000119,23.393806000058248,166.99238899991542,0.0
136,152.64402999991944,22.558152999863523,175.22415600024033,0.0
137,156.5880550001566,22.274083999946015,178.88451299995722,0.0
138,157.8420770001685,22.47267800021291,180.33646699996098,0.0
139,164.1032840002481,23.009965999790438,187.1353840001575,0.0
140,168.78325000016048,22.820296999725542,191.62571900005787,0.0
141,164.03682200007097,23.019821999696433,187.08043999959045,0.0
142,164.695273000234,23.38362499995128,188.10143200016682,0.0
143,162.5077099997725,25.164973999835638,187.6957880003829,0.0
144,159.607330000199,23.917434999930265,183.54746000022715,0.0
145,160.84831199987093,23.05372599994371,183.9234599997326,0.0
146,161.3734059997114,22.2723369997766,183.66684400007216,0.0
147,159.97430500010523,21.539422999921953,181.5348290001566,0.0
148,160.9414529998503,22.03888600024584,183.0037039999297,0.0
149,160.48775400031445,21.39698600012707,181.9064419996721,0.0
0,119.81558499974199,14.701857000090968,134.5410180001636,0.0
1,76.51103999978659,19.445684000402252,95.98154100012835,0.0
2,74.69990299978235,21.578621000116982,96.30523599980734,0.0
3,75.64666899997974,20.800065999992512,96.47149199963678,0.0
4,79.73963499989623,17.442656000184797,97.22313900010704,0.0
5,89.39121299999897,14.977578000070935,104.3996309999784,0.0
6,83.24393800012331,14.034317000096053,97.30186199976743,0.0
7,81.30716000005123,16.088732000298478,97.44076899960419,0.0
8,83.02189899995938,14.284369999586488,97.32856299979176,0.0
9,79.39047100035168,17.949273999875004,97.3663250001664,0.0
10,78.51144400001431,16.45365700005641,95.01733100023557,0.0
11,86.3702519995968,16.485628000282304,102.90432400006466,0.0
12,79.81540399987352,17.50047599989557,97.34724999998434,0.0
13,85.53051399985634,17.477601999871695,103.03859500027102,0.0
14,79.92326100020364,14.627701999870624,94.57530100007716,0.0
15,92.01725299999453,15.095565000137867,107.1625739996307,0.0
16,85.10222699987935,14.853377000235923,99.98563299996022,0.0
17,85.02756400002909,14.098861000093166,99.14854700036813,0.0
18,75.16884699998627,17.761579000307393,92.97425099975953,0.0
19,81.7936120001832,16.15786400043362,97.97572300021784,0.0
20,75.22765900012018,17.98763400029202,93.24938999998267,0.0
21,84.5209179997255,17.16914500002531,101.71533199991245,0.0
22,82.93021800000133,14.432182999826182,97.38564600002064,0.0
23,81.91862499961644,15.690761000314524,97.6373909998074,0.0
24,82.2195659998215,16.27658299958057,98.52260000025126,0.0
25,83.94802199973128,15.995781000128773,99.97440200004348,0.0
26,80.77937699999893,16.96218500001123,97.7984429996468,0.0
27,92.11177799988945,16.65995199982717,108.79572600015308,0.0
28,84.98917199995049,15.871980999691004,100.88490899988756,0.0
29,85.05291800020132,18.784079999932146,103.86707499992553,0.0
30,81.10768299957272,17.992793999837886,99.12873099983699,0.0
31,80.14596700013499,17.240370000308758,97.42859899961331,0.0
32,81.2420430002021,17.797637000057875,99.07213200040133,0.0
33,88.69008600004236,18.82977800005392,107.55357900006857,0.0
34,87.04136400001516,17.496165000011388,104.56231799980742,0.0
35,88.1476089998614,16.363638999791874,104.5390330000373,0.0
36,88.12138800021785,16.1099980000472,104.25307800005612,0.0
37,81.51090399996974,15.238826999848243,96.78200500002276,0.0
38,88.8632230003168,14.59533500019461,103.4924340001453,0.0
39,82.38021300030596,15.156227999796101,97.56139799992525,0.0
40,85.80092300007891,13.73247999981686,99.55512599981375,0.0
41,83.65165599980173,16.630891999739106,100.32146300000022,0.0
42,80.76166899991222,17.314131000148336,98.1168999996953,0.0
43,85.22874900017996,15.207525999812788,100.49876599987329,0.0
44,81.92616599990288,14.317559000119218,96.26736099971822,0.0
45,80.9917100000348,13.68598999988535,94.70564300045226,0.0
46,85.22928299998966,16.188116999728663,101.44064499991146,0.0
47,85.69404999980179,16.109725999740476,101.82923499996832,0.0
48,84.99199500010945,15.049729999645933,100.06531199996971,0.0
49,82.9255869998633,18.026856000233238,100.99258100035513,0.0
50,78.69120599980306,15.968924999924639,94.68508999998448,0.0
51,84.28985000000466,16.62683399990783,100.9418230000847,0.0
52,72.86336099969049,17.490721000285703,90.380283000286,0.0
53,81.25455299978057,14.671871000246028,95.95159299988154,0.0
54,86.33207399998355,14.632976000029885,101.01899299979777,0.0
55,82.95347400007813,14.974614000038855,97.98892600019826,0.0
56,83.13623699996242,15.274033000423515,98.43485800001872,0.0
57,81.24504799980059,15.456663999884768,96.74377400006051,0.0
58,81.51980799993908,14.37216200019975,95.93397099979484,0.0
59,81.38427599988063,14.883848999943439,96.30731099969125,0.0
60,95.4318020003484,14.931721999801084,110.38728899984562,0.0
61,84.65126999999484,17.325168999832385,102.03576499998235,0.0
62,84.57440899974245,14.39973500009728,99.00026400009665,0.0
63,82.25311599971974,16.467432999888842,98.7491749997389,0.0
64,102.1281349999299,14.121998000064195,116.27262599995447,0.0
65,80.8815590003178,14.712518000123964,95.61910599995826,0.0
66,78.8350210000317,17.84789799967257,96.73307499997463,0.0
67,84.67730299980758,14.926950999779365,99.62945400002354,0.0
68,81.83591099987098,15.446723999957612,97.3073730001488,0.0
69,78.1499290001193,16.567096000017045,94.74264399977983,0.0
70,81.91128599992226,13.861765999990894,95.79746899999009,0.0
71,79.2071420000866,16.709758999695623,95.94358399999692,0.0
72,72.58433300012257,15.890128000137338,88.50111400033711,0.0
73,79.58143399991968,15.933943000163708,95.54017500022383,0.0
74,74.89631499993266,14.603875999910088,89.52700300005745,0.0
75,75.51400600004854,19.491025999741396,95.03033100008906,0.0
76,76.3106429999425,21.231093000096735,97.59103099986532,0.0
77,74.53746300006969,15.917240000362654,90.48070300013933,0.0
78,84.8025579998648,17.667095999968296,102.4981390000903,0.0
79,76.06305600029373,15.611349999744562,91.7128800001592,0.0
80,78.06151499971747,15.1281570001629,93.21690600017973,0.0
81,74.18324200034476,21.568170999671565,95.77798500004064,0.0
82,76.67190400024992,18.674127999929624,95.37121999983356,0.0
83,78.0371680002645,14.522108000164735,92.59030500015797,0.0
84,75.97996899994541,15.70894699989367,91.73231999966447,0.0
85,74.54116300004898,15.655323999908433,90.22178500026712,0.0
86,76.74351200012097,16.33421399992585,93.11854399993535,0.0
87,83.07959600006143,14.717143999860127,97.82115799998792,0.0
88,82.93226199975834,15.543458000138344,98.50290299982589,0.0
89,80.10315899991838,16.454093999982433,96.58163000040076,0.0
90,77.18112999964433,18.139675999918836,95.35546200004319,0.0
91,80.45223999988593,15.052087999720243,95.53045900020152,0.0
92,78.48662799960948,15.796485000009852,94.32164700001522,0.0
93,79.3746019999162,15.432632999818452,94.83262399999148,0.0
94,83.4382809998715,16.48875999990196,99.97181799963073,0.0
95,84.2052309999417,18.20304800003214,102.45139100015876,0.0
96,90.49521499991897,14.703585999995994,105.22735700033081,0.0
97,83.44434899981934,15.075782999701914,98.54302700023254,0.0
98,83.09266700007356,15.01912399999128,98.1381019996661,0.0
99,81.4245189999383,15.438482999797998,96.88861099994028,0.0
100,76.22582999965744,20.149480999862135,96.42968599973756,0.0
101,75.40868400019463,15.722721000202,91.17293500003143,0.0
102,78.84161499987385,15.675450000344426,94.5437979999042,0.0
103,82.2900389998722,17.892667000069196,100.20632200030377,0.0
104,82.41913700021541,15.891086000010546,98.34001099989109,0.0
105,81.49763000028543,15.022170000065671,96.54509800020605,0.0
106,88.77736700014793,15.230389999942417,104.05170200010616,0.0
107,80.61980000002222,15.908076999949117,96.55542000018613,0.0
108,81.45921799996358,16.833333000249695,98.33331999971051,0.0
109,80.94963599978655,14.731949000179156,95.70650300020134,0.0
110,85.26509100011026,16.87369999990551,102.1627879999869,0.0
111,83.14266600018527,15.104116000202339,98.31458299959195,0.0
112,82.78772200037565,19.056801999795425,101.87265800004752,0.0
113,85.21336100011467,15.951280999615847,101.27758899989203,0.0
114,81.1983489998056,15.276196999820968,96.50342199984152,0.0
115,100.6391790001544,16.947831999914342,117.61240999976508,0.0
116,81.62904900018475,12.917467000079341,94.57058299994969,0.0
117,78.96077299983517,13.343358999918564,92.3302720002539,0.0
118,77.81847999967795,13.614532000246982,91.45862100012891,0.0
119,63.06137299998227,34.16193800012479,97.24967100009962,0.0
120,98.20042499995907,14.726878000146826,112.96068699994066,0.0
121,89.05832999971608,13.825478999933694,102.91361700001289,0.0
122,84.9660470003073,14.558111000042118,99.57877399983772,0.0
123,79.98103399995671,14.957431999846449,94.96296199995413,0.0
124,85.31850999997914,12.082515000201965,97.42577299994082,0.0
125,101.44461399977445,12.552783000046475,114.01918000001388,0.0
126,84.52342500004306,11.634090999905311,96.20163200042953,0.0
127,81.74339300012434,11.62996299990482,93.3972719999474,0.0
128,81.87250200035123,12.805349999780447,94.70666900006108,0.0
129,82.9192010000952,11.388497000098141,94.33345800016468,0.0
130,70.79616699957114,15.415525000207708,86.24043800000436,0.0
131,83.50800599964714,13.496922999820526,97.03242099976706,0.0
132,81.19672200018613,15.774125000007189,96.99569499980498,0.0
133,84.12259500028085,12.815899000088393,96.97722800001429,0.0
134,94.10915700027545,13.723449999815784,107.85596200003056,0.0
135,92.79554400018242,13.869191000139836,106.71177499989426,0.0
136,89.29333900005076,12.861376999808272,102.19634599980054,0.0
137,93.36575399993308,13.985255000079633,107.3730009998144,0.0
138,87.11590899974908,11.349150000114605,98.48762199999328,0.0
139,85.87055699990742,12.192988000151672,98.0863390000195,0.0
140,86.68979300000501,11.25281399981759,97.96495799992044,0.0
141,86.77592499998354,12.125455999921542,98.92188200001328,0.0
142,89.24723199970686,12.412089000008564,101.68311799998264,0.0
143,89.95660100026726,12.863710000146966,102.84145200012063,0.0
144,90.67179899966504,12.671829999817419,103.36485000016182,0.0
145,90.45633400000952,11.928346999866335,102.42193200019756,0.0
146,89.9130879997756,15.432203999807825,105.38727299990569,0.0
147,93.46032500025103,14.670632999695954,108.15356200009774,0.0
148,94.21141100028763,13.947387999905914,108.18354599996383,0.0
149,93.47855699979846,13.445850999687536,106.94683100018665,0.0
0,142.54356699984783,17.57446000010532,160.16313399995852,0.0
1,78.25070599983519,17.703900000014983,95.97676799967303,0.0
2,83.8235330002135,17.11574599994492,100.96017799969559,0.0
3,89.33181500015053,19.790323000052013,109.14759700017385,0.0
4,88.93929099986053,19.9136589999398,108.87933100002556,0.0
5,88.74609800022881,21.54482400010238,110.31219300002704,0.0
6,92.37875300004816,19.80288599997948,112.20423199983998,0.0
7,89.70569799976147,20.12131000037698,109.85015300002487,0.0
8,92.95936300031826,16.971685999578767,109.97690700014573,0.0
9,85.76643200012768,17.43408799984536,103.22137100001783,0.0
10,85.37006799997471,16.442565000033937,101.83466600028623,0.0
11,84.72366500018325,17.474044000209688,102.22096400002556,0.0
12,86.16217799999504,17.110573000081786,103.29398200019568,0.0
13,85.69637999971746,17.27818599965758,102.99596699996982,0.0
14,87.39436399991973,16.481719999774214,103.89944899998227,0.0
15,86.26936499967996,16.610499000307755,102.90145499993741,0.0
16,85.4283740000028,17.33949399977064,102.79289600021002,0.0
17,85.45368200020675,18.424255999889283,103.8990179999928,0.0
18,86.11249199975646,16.380463999666972,102.51512800005003,0.0
19,84.7446879997733,17.013403000419203,101.78055500000482,0.0
20,86.89615599996614,16.700550000223302,103.61799800011795,0.0
21,82.73523400021077,17.57549800004199,100.33130100009657,0.0
22,83.34018999994441,16.465326999878016,99.82706900018457,0.0
23,84.82557500019539,16.95795600016936,101.8051630003356,0.0
24,84.80508499997086,16.864937999798713,101.69137399998363,0.0
25,88.21109100017566,21.941194999726576,110.1765130001695,0.0
26,91.1147440001514,44.824303000041255,135.98046600009184,0.0
27,93.11630100000912,25.466561000030197,118.61481400001139,0.0
28,86.60683100015376,18.46783700011656,105.09586899979695,0.0
29,83.83664000029967,19.392940000216186,103.25365699964095,0.0
30,84.21917699979531,17.875425000056566,102.11927000000287,0.0
31,85.06685199972708,19.457253999917157,104.54646900006992,0.0
32,85.05359699984183,16.949207999914506,102.02765399981217,0.0
33,86.52447599979496,17.733418000261736,104.28083899978446,0.0
34,87.12128600018332,19.68949000001885,106.83566399984556,0.0
35,87.27107499998965,17.546899000080884,104.84175999999934,0.0
36,84.65027199963515,17.565654999998515,102.23843099993246,0.0
37,86.21626000012839,17.64154200009216,103.87973499973668,0.0
38,84.97241199984273,17.616684999666177,102.61205099959625,0.0
39,84.65394899985768,17.792664000353398,102.47679100029927,0.0
40,89.245769000172,17.1691099999407,106.43857399963963,0.0
41,84.38664699997389,17.270173999804683,101.67867300015132,0.0
42,84.1124779999518,17.614998999761156,101.74975100017036,0.0
43,84.36892200006696,17.262379999920086,101.65332400038096,0.0
44,83.77913499998613,17.479308000019955,101.28193900027327,0.0
45,85.42466700009754,18.402198000330827,103.84943799999746,0.0
46,84.82888900016405,17.698991000088427,102.5502930001494,0.0
47,84.99002999997174,17.318358000011358,102.33628100013448,0.0
48,85.07237100002385,17.187513999942894,102.28190699990591,0.0
49,85.0674420003088,17.401034999693366,102.49146199976167,0.0
50,85.08333199961271,17.409611999937624,102.51518799987025,0.0
51,84.52804299986383,17.306945000200358,101.85713900000337,0.0
52,87.48023299995111,18.241315000068425,105.74508399986371,0.0
53,86.19302200031598,17.550433999986126,103.7661389996174,0.0
54,85.39406099998814,17.430551999950694,102.84711700023763,0.0
55,85.33066999962102,17.17757400001574,102.53193899961843,0.0
56,86.0069260002092,13.243740000234538,99.2704440000125,0.0
57,86.4780939996308,13.391165000030014,99.8909800000547,0.0
58,86.17352700002812,13.411653999810369,99.60653200005254,0.0
59,90.22687100014082,12.397188000250026,102.64652300020316,0.0
60,89.30008400011502,13.285580000228947,102.6070160000927,0.0
61,88.50945899985163,13.018826999996236,101.54975799969179,0.0
62,88.28357399988818,13.55178399990109,101.85675000002448,0.0
63,88.26899299992874,13.345887000014045,101.63575999968089,0.0
64,88.16124099985245,15.754268999899068,103.95308299985118,0.0
65,88.22222900016641,15.361962000042695,103.60540200008472,0.0
66,88.59542900017914,15.786649999881774,104.40246799998931,0.0
67,87.19445799988534,16.16913799989561,103.38397599980453,0.0
68,88.32842399988294,18.23369800013097,106.58428400029152,0.0
69,87.76426599979459,15.928955000163114,103.71497400001317,0.0
70,88.51652699968326,15.456193999852985,103.99410100035311,0.0
71,86.70755299999655,15.579079999952228,102.30824400014171,0.0
72,88.61683300028744,15.874007000093115,104.51187100034076,0.0
73,86.09862799994517,16.361026999675232,102.48063500011995,0.0
74,86.13735400012956,16.81686499978241,102.97529899980873,0.0
75,85.99459900005968,17.625553000016225,103.64172399977178,0.0
76,86.60465299999487,15.846203999899444,102.47318099982294,0.0
77,86.33528500013199,16.51171699995757,102.86862299972199,0.0
78,86.37804699992557,16.593905000263476,102.99559599980057,0.0
79,86.5794480000659,16.664530000070954,103.2644279998749,0.0
80,84.8520079998707,16.595949000020482,101.46934900012639,0.0
81,85.10950499976389,17.286677999891253,102.4192579998271,0.0
82,84.48866799972166,17.507946000023367,102.01750500027629,0.0
83,83.52200499984974,19.22312199985754,102.7675199998157,0.0
84,96.5935700000955,23.829601000215916,120.46467100026348,0.0
85,92.64938800015443,19.36378299978969,112.04803900000115,0.0
86,85.55021800020768,16.56380500025989,102.13550400021632,0.0
87,85.10110199995324,16.214861999742425,101.34185300012177,0.0
88,84.17862399983278,17.197656000007555,101.39900300009685,0.0
89,84.52651500010688,16.82128099992042,101.36864500009324,0.0
90,89.3265159998009,20.127944000250864,109.48274400016089,0.0
91,86.69840000038675,17.116380000061326,103.84403599982761,0.0
92,68.82414000028803,24.019754999699217,92.86916300015946,0.0
93,86.35776399978567,16.80511899985504,103.18860200004565,0.0
94,85.22098599996752,16.662823999922693,101.90323699998771,0.0
95,90.76445999971838,19.00061900005312,109.79679100000794,0.0
96,87.22000799980378,19.9184680000144,107.17650100013998,0.0
97,87.22996699998475,15.718004000063956,102.96891100006178,0.0
98,86.0470580000765,16.62528100041527,102.69389099994441,0.0
99,85.6320989996675,16.781010999693535,102.4359039997762,0.0
100,86.03010500019082,16.721437999876798,102.77312399966831,0.0
101,85.19380799998544,16.83382300006997,102.04900300004738,0.0
102,87.77013200005968,18.72693099994649,106.51815299979717,0.0
103,87.23662299962598,17.13921999999002,104.3965339999886,0.0
104,87.2357620000912,17.20195200005037,104.46015700017597,0.0
105,88.25365400025476,16.57413200018709,104.84974800010605,0.0
106,88.60230599975694,16.990394000004017,105.61394000023938,0.0
107,88.29079499992076,15.615343999797915,103.92765100004908,0.0
108,90.00308499980747,15.666793000036705,105.70233099997495,0.0
109,72.66275099982522,18.267864999870653,90.95372999991014,0.0
110,88.95284399977754,19.09521900006439,108.06866199982323,0.0
111,92.69184000004316,19.07771500009403,111.79651700012982,0.0
112,89.69439299971782,16.733907999878284,106.45062399999006,0.0
113,90.84819600002447,18.76998299985644,109.64054099986242,0.0
114,94.43911600010324,25.0192559997231,119.49838900000032,0.0
115,88.16923299991686,17.336379999960627,105.52659399991171,0.0
116,95.6766859999334,20.83926800014524,116.54036100026133,0.0
117,89.70901400016373,17.669079000370402,107.39995499989163,0.0
118,85.16931499980274,17.42139199996018,102.61231900040002,0.0
119,84.74867399991126,16.864569000063057,101.6372499998397,0.0
120,86.17797000033534,16.985040999770717,103.18412099968555,0.0
121,87.06916700020884,16.125273999932688,103.21579199990083,0.0
122,87.05056100006914,19.628905999979906,106.7177410000113,0.0
123,87.65550600037386,15.97166700003072,103.64861500011102,0.0
124,84.573970999827,16.18851499961238,100.78400800011877,0.0
125,85.34021800005576,17.379779999828315,102.7423909999925,0.0
126,84.93215099997542,17.810150000059366,102.76437399988936,0.0
127,84.53213000029791,15.50725200013403,100.06129500015959,0.0
128,83.10785699995904,14.853272000436846,97.99605499983954,0.0
129,82.7876200000901,15.444290999766963,98.25359100022979,0.0
130,79.18533800011573,15.376028999980917,94.58227600043756,0.0
131,79.10822799976813,15.10663899989595,94.23660799984646,0.0
132,79.2354470004284,16.196798999772,95.45331699973758,0.0
133,79.99505099996895,15.521489000093425,95.53688799996962,0.0
134,80.94550199984951,15.40337099959288,96.37087500004782,0.0
135,80.2605929998208,16.372067000247625,96.6547719999653,0.0
136,82.94550700020409,16.901036000035674,99.87973800025429,0.0
137,81.67121099995711,15.961816999606526,97.65540099988357,0.0
138,81.62133599989829,15.651559000161797,97.30007699999987,0.0
139,81.01630799956183,15.770827000324061,96.80868800023745,0.0
140,81.47181999993336,19.46874299983392,100.96288499971706,0.0
141,88.11061200003678,12.486860000080924,100.61981399985598,0.0
142,81.51915200005533,13.19529500005956,94.73693000018102,0.0
143,83.87516100037828,20.942772000125842,104.84069799986173,0.0
144,85.81944800016572,16.370273000120505,102.21138199995039,0.0
145,86.7220959999031,16.80111299992859,103.54433900010918,0.0
146,87.25662699998793,16.26757499980158,103.54531199982375,0.0
147,86.44990599987068,16.8770170002972,103.35528899986457,0.0
148,87.22042999988844,18.425951000153873,105.68895300002623,0.0
